friendly_name,phone_number,region,iso_country,lata,rate_center,latitude,longitude,address_requirements
Available 212,+12121900000,US,US,722,RC0,38.8951,-77.0364,none
Available 213,+12131900001,US,US,722,RC1,38.8951,-77.0364,none
Available 312,+13121900002,US,US,722,RC2,38.8951,-77.0364,none
Available 415,+14151900003,US,US,722,RC3,38.8951,-77.0364,none
Available 503,+15031900004,US,US,722,RC4,38.8951,-77.0364,none
Available 305,+13051900005,US,US,722,RC5,38.8951,-77.0364,none
Available 617,+16171900006,US,US,722,RC6,38.8951,-77.0364,none
Available 702,+17021900007,US,US,722,RC7,38.8951,-77.0364,none
Available 314,+13141900008,US,US,722,RC8,38.8951,-77.0364,none
Available 404,+14041900009,US,US,722,RC9,38.8951,-77.0364,none
Available 512,+15121900010,US,US,722,RC10,38.8951,-77.0364,none
Available 646,+16461900011,US,US,722,RC11,38.8951,-77.0364,none
Available 206,+12061900012,US,US,722,RC12,38.8951,-77.0364,none
Available 614,+16141900013,US,US,722,RC13,38.8951,-77.0364,none
Available 917,+19171900014,US,US,722,RC14,38.8951,-77.0364,none
Available 212,+12121900015,US,US,722,RC15,38.8951,-77.0364,none
Available 213,+12131900016,US,US,722,RC16,38.8951,-77.0364,none
Available 312,+13121900017,US,US,722,RC17,38.8951,-77.0364,none
Available 415,+14151900018,US,US,722,RC18,38.8951,-77.0364,none
Available 503,+15031900019,US,US,722,RC19,38.8951,-77.0364,none
Available 305,+13051900020,US,US,722,RC20,38.8951,-77.0364,none
Available 617,+16171900021,US,US,722,RC21,38.8951,-77.0364,none
Available 702,+17021900022,US,US,722,RC22,38.8951,-77.0364,none
Available 314,+13141900023,US,US,722,RC23,38.8951,-77.0364,none
Available 404,+14041900024,US,US,722,RC24,38.8951,-77.0364,none
Available 512,+15121900025,US,US,722,RC25,38.8951,-77.0364,none
Available 646,+16461900026,US,US,722,RC26,38.8951,-77.0364,none
Available 206,+12061900027,US,US,722,RC27,38.8951,-77.0364,none
Available 614,+16141900028,US,US,722,RC28,38.8951,-77.0364,none
Available 917,+19171900029,US,US,722,RC29,38.8951,-77.0364,none
Available 212,+12121900030,US,US,722,RC30,38.8951,-77.0364,none
Available 213,+12131900031,US,US,722,RC31,38.8951,-77.0364,none
Available 312,+13121900032,US,US,722,RC32,38.8951,-77.0364,none
Available 415,+14151900033,US,US,722,RC33,38.8951,-77.0364,none
Available 503,+15031900034,US,US,722,RC34,38.8951,-77.0364,none
Available 305,+13051900035,US,US,722,RC35,38.8951,-77.0364,none
Available 617,+16171900036,US,US,722,RC36,38.8951,-77.0364,none
Available 702,+17021900037,US,US,722,RC37,38.8951,-77.0364,none
Available 314,+13141900038,US,US,722,RC38,38.8951,-77.0364,none
Available 404,+14041900039,US,US,722,RC39,38.8951,-77.0364,none
Available 512,+15121900040,US,US,722,RC40,38.8951,-77.0364,none
Available 646,+16461900041,US,US,722,RC41,38.8951,-77.0364,none
Available 206,+12061900042,US,US,722,RC42,38.8951,-77.0364,none
Available 614,+16141900043,US,US,722,RC43,38.8951,-77.0364,none
Available 917,+19171900044,US,US,722,RC44,38.8951,-77.0364,none
Available 212,+12121900045,US,US,722,RC45,38.8951,-77.0364,none
Available 213,+12131900046,US,US,722,RC46,38.8951,-77.0364,none
Available 312,+13121900047,US,US,722,RC47,38.8951,-77.0364,none
Available 415,+14151900048,US,US,722,RC48,38.8951,-77.0364,none
Available 503,+15031900049,US,US,722,RC49,38.8951,-77.0364,none
Available 305,+13051900050,US,US,722,RC50,38.8951,-77.0364,none
Available 617,+16171900051,US,US,722,RC51,38.8951,-77.0364,none
Available 702,+17021900052,US,US,722,RC52,38.8951,-77.0364,none
Available 314,+13141900053,US,US,722,RC53,38.8951,-77.0364,none
Available 404,+14041900054,US,US,722,RC54,38.8951,-77.0364,none
Available 512,+15121900055,US,US,722,RC55,38.8951,-77.0364,none
Available 646,+16461900056,US,US,722,RC56,38.8951,-77.0364,none
Available 206,+12061900057,US,US,722,RC57,38.8951,-77.0364,none
Available 614,+16141900058,US,US,722,RC58,38.8951,-77.0364,none
Available 917,+19171900059,US,US,722,RC59,38.8951,-77.0364,none
Available 212,+12121900060,US,US,722,RC60,38.8951,-77.0364,none
Available 213,+12131900061,US,US,722,RC61,38.8951,-77.0364,none
Available 312,+13121900062,US,US,722,RC62,38.8951,-77.0364,none
Available 415,+14151900063,US,US,722,RC63,38.8951,-77.0364,none
Available 503,+15031900064,US,US,722,RC64,38.8951,-77.0364,none
Available 305,+13051900065,US,US,722,RC65,38.8951,-77.0364,none
Available 617,+16171900066,US,US,722,RC66,38.8951,-77.0364,none
Available 702,+17021900067,US,US,722,RC67,38.8951,-77.0364,none
Available 314,+13141900068,US,US,722,RC68,38.8951,-77.0364,none
Available 404,+14041900069,US,US,722,RC69,38.8951,-77.0364,none
Available 512,+15121900070,US,US,722,RC70,38.8951,-77.0364,none
Available 646,+16461900071,US,US,722,RC71,38.8951,-77.0364,none
Available 206,+12061900072,US,US,722,RC72,38.8951,-77.0364,none
Available 614,+16141900073,US,US,722,RC73,38.8951,-77.0364,none
Available 917,+19171900074,US,US,722,RC74,38.8951,-77.0364,none
Available 212,+12121900075,US,US,722,RC75,38.8951,-77.0364,none
Available 213,+12131900076,US,US,722,RC76,38.8951,-77.0364,none
Available 312,+13121900077,US,US,722,RC77,38.8951,-77.0364,none
Available 415,+14151900078,US,US,722,RC78,38.8951,-77.0364,none
Available 503,+15031900079,US,US,722,RC79,38.8951,-77.0364,none
Available 305,+13051900080,US,US,722,RC80,38.8951,-77.0364,none
Available 617,+16171900081,US,US,722,RC81,38.8951,-77.0364,none
Available 702,+17021900082,US,US,722,RC82,38.8951,-77.0364,none
Available 314,+13141900083,US,US,722,RC83,38.8951,-77.0364,none
Available 404,+14041900084,US,US,722,RC84,38.8951,-77.0364,none
Available 512,+15121900085,US,US,722,RC85,38.8951,-77.0364,none
Available 646,+16461900086,US,US,722,RC86,38.8951,-77.0364,none
Available 206,+12061900087,US,US,722,RC87,38.8951,-77.0364,none
Available 614,+16141900088,US,US,722,RC88,38.8951,-77.0364,none
Available 917,+19171900089,US,US,722,RC89,38.8951,-77.0364,none
Available 212,+12121900090,US,US,722,RC90,38.8951,-77.0364,none
Available 213,+12131900091,US,US,722,RC91,38.8951,-77.0364,none
Available 312,+13121900092,US,US,722,RC92,38.8951,-77.0364,none
Available 415,+14151900093,US,US,722,RC93,38.8951,-77.0364,none
Available 503,+15031900094,US,US,722,RC94,38.8951,-77.0364,none
Available 305,+13051900095,US,US,722,RC95,38.8951,-77.0364,none
Available 617,+16171900096,US,US,722,RC96,38.8951,-77.0364,none
Available 702,+17021900097,US,US,722,RC97,38.8951,-77.0364,none
Available 314,+13141900098,US,US,722,RC98,38.8951,-77.0364,none
Available 404,+14041900099,US,US,722,RC99,38.8951,-77.0364,none
Available 512,+15121900100,US,US,722,RC100,38.8951,-77.0364,none
Available 646,+16461900101,US,US,722,RC101,38.8951,-77.0364,none
Available 206,+12061900102,US,US,722,RC102,38.8951,-77.0364,none
Available 614,+16141900103,US,US,722,RC103,38.8951,-77.0364,none
Available 917,+19171900104,US,US,722,RC104,38.8951,-77.0364,none
Available 212,+12121900105,US,US,722,RC105,38.8951,-77.0364,none
Available 213,+12131900106,US,US,722,RC106,38.8951,-77.0364,none
Available 312,+13121900107,US,US,722,RC107,38.8951,-77.0364,none
Available 415,+14151900108,US,US,722,RC108,38.8951,-77.0364,none
Available 503,+15031900109,US,US,722,RC109,38.8951,-77.0364,none
Available 305,+13051900110,US,US,722,RC110,38.8951,-77.0364,none
Available 617,+16171900111,US,US,722,RC111,38.8951,-77.0364,none
Available 702,+17021900112,US,US,722,RC112,38.8951,-77.0364,none
Available 314,+13141900113,US,US,722,RC113,38.8951,-77.0364,none
Available 404,+14041900114,US,US,722,RC114,38.8951,-77.0364,none
Available 512,+15121900115,US,US,722,RC115,38.8951,-77.0364,none
Available 646,+16461900116,US,US,722,RC116,38.8951,-77.0364,none
Available 206,+12061900117,US,US,722,RC117,38.8951,-77.0364,none
Available 614,+16141900118,US,US,722,RC118,38.8951,-77.0364,none
Available 917,+19171900119,US,US,722,RC119,38.8951,-77.0364,none
Available 212,+12121900120,US,US,722,RC120,38.8951,-77.0364,none
Available 213,+12131900121,US,US,722,RC121,38.8951,-77.0364,none
Available 312,+13121900122,US,US,722,RC122,38.8951,-77.0364,none
Available 415,+14151900123,US,US,722,RC123,38.8951,-77.0364,none
Available 503,+15031900124,US,US,722,RC124,38.8951,-77.0364,none
Available 305,+13051900125,US,US,722,RC125,38.8951,-77.0364,none
Available 617,+16171900126,US,US,722,RC126,38.8951,-77.0364,none
Available 702,+17021900127,US,US,722,RC127,38.8951,-77.0364,none
Available 314,+13141900128,US,US,722,RC128,38.8951,-77.0364,none
Available 404,+14041900129,US,US,722,RC129,38.8951,-77.0364,none
Available 512,+15121900130,US,US,722,RC130,38.8951,-77.0364,none
Available 646,+16461900131,US,US,722,RC131,38.8951,-77.0364,none
Available 206,+12061900132,US,US,722,RC132,38.8951,-77.0364,none
Available 614,+16141900133,US,US,722,RC133,38.8951,-77.0364,none
Available 917,+19171900134,US,US,722,RC134,38.8951,-77.0364,none
Available 212,+12121900135,US,US,722,RC135,38.8951,-77.0364,none
Available 213,+12131900136,US,US,722,RC136,38.8951,-77.0364,none
Available 312,+13121900137,US,US,722,RC137,38.8951,-77.0364,none
Available 415,+14151900138,US,US,722,RC138,38.8951,-77.0364,none
Available 503,+15031900139,US,US,722,RC139,38.8951,-77.0364,none
Available 305,+13051900140,US,US,722,RC140,38.8951,-77.0364,none
Available 617,+16171900141,US,US,722,RC141,38.8951,-77.0364,none
Available 702,+17021900142,US,US,722,RC142,38.8951,-77.0364,none
Available 314,+13141900143,US,US,722,RC143,38.8951,-77.0364,none
Available 404,+14041900144,US,US,722,RC144,38.8951,-77.0364,none
Available 512,+15121900145,US,US,722,RC145,38.8951,-77.0364,none
Available 646,+16461900146,US,US,722,RC146,38.8951,-77.0364,none
Available 206,+12061900147,US,US,722,RC147,38.8951,-77.0364,none
Available 614,+16141900148,US,US,722,RC148,38.8951,-77.0364,none
Available 917,+19171900149,US,US,722,RC149,38.8951,-77.0364,none
Available TollFree 800,+18001900000,US,US,722,TF0,38.8951,-77.0364,none
Available TollFree 888,+18881900001,US,US,722,TF1,38.8951,-77.0364,none
Available TollFree 877,+18771900002,US,US,722,TF2,38.8951,-77.0364,none
Available TollFree 866,+18661900003,US,US,722,TF3,38.8951,-77.0364,none
Available TollFree 855,+18551900004,US,US,722,TF4,38.8951,-77.0364,none
Available TollFree 844,+18441900005,US,US,722,TF5,38.8951,-77.0364,none
Available TollFree 833,+18331900006,US,US,722,TF6,38.8951,-77.0364,none
Available TollFree 822,+18221900007,US,US,722,TF7,38.8951,-77.0364,none
Available TollFree 800,+18001900008,US,US,722,TF8,38.8951,-77.0364,none
Available TollFree 888,+18881900009,US,US,722,TF9,38.8951,-77.0364,none
Available TollFree 877,+18771900010,US,US,722,TF10,38.8951,-77.0364,none
Available TollFree 866,+18661900011,US,US,722,TF11,38.8951,-77.0364,none
Available TollFree 855,+18551900012,US,US,722,TF12,38.8951,-77.0364,none
Available TollFree 844,+18441900013,US,US,722,TF13,38.8951,-77.0364,none
Available TollFree 833,+18331900014,US,US,722,TF14,38.8951,-77.0364,none
Available TollFree 822,+18221900015,US,US,722,TF15,38.8951,-77.0364,none
Available TollFree 800,+18001900016,US,US,722,TF16,38.8951,-77.0364,none
Available TollFree 888,+18881900017,US,US,722,TF17,38.8951,-77.0364,none
Available TollFree 877,+18771900018,US,US,722,TF18,38.8951,-77.0364,none
Available TollFree 866,+18661900019,US,US,722,TF19,38.8951,-77.0364,none
Available TollFree 855,+18551900020,US,US,722,TF20,38.8951,-77.0364,none
Available TollFree 844,+18441900021,US,US,722,TF21,38.8951,-77.0364,none
Available TollFree 833,+18331900022,US,US,722,TF22,38.8951,-77.0364,none
Available TollFree 822,+18221900023,US,US,722,TF23,38.8951,-77.0364,none
Available TollFree 800,+18001900024,US,US,722,TF24,38.8951,-77.0364,none
Available TollFree 888,+18881900025,US,US,722,TF25,38.8951,-77.0364,none
Available TollFree 877,+18771900026,US,US,722,TF26,38.8951,-77.0364,none
Available TollFree 866,+18661900027,US,US,722,TF27,38.8951,-77.0364,none
Available TollFree 855,+18551900028,US,US,722,TF28,38.8951,-77.0364,none
Available TollFree 844,+18441900029,US,US,722,TF29,38.8951,-77.0364,none
Available TollFree 833,+18331900030,US,US,722,TF30,38.8951,-77.0364,none
Available TollFree 822,+18221900031,US,US,722,TF31,38.8951,-77.0364,none
Available TollFree 800,+18001900032,US,US,722,TF32,38.8951,-77.0364,none
Available TollFree 888,+18881900033,US,US,722,TF33,38.8951,-77.0364,none
Available TollFree 877,+18771900034,US,US,722,TF34,38.8951,-77.0364,none
Available TollFree 866,+18661900035,US,US,722,TF35,38.8951,-77.0364,none
Available TollFree 855,+18551900036,US,US,722,TF36,38.8951,-77.0364,none
Available TollFree 844,+18441900037,US,US,722,TF37,38.8951,-77.0364,none
Available TollFree 833,+18331900038,US,US,722,TF38,38.8951,-77.0364,none
Available TollFree 822,+18221900039,US,US,722,TF39,38.8951,-77.0364,none
Available TollFree 800,+18001900040,US,US,722,TF40,38.8951,-77.0364,none
Available TollFree 888,+18881900041,US,US,722,TF41,38.8951,-77.0364,none
Available TollFree 877,+18771900042,US,US,722,TF42,38.8951,-77.0364,none
Available TollFree 866,+18661900043,US,US,722,TF43,38.8951,-77.0364,none
Available TollFree 855,+18551900044,US,US,722,TF44,38.8951,-77.0364,none
Available TollFree 844,+18441900045,US,US,722,TF45,38.8951,-77.0364,none
Available TollFree 833,+18331900046,US,US,722,TF46,38.8951,-77.0364,none
Available TollFree 822,+18221900047,US,US,722,TF47,38.8951,-77.0364,none
Available TollFree 800,+18001900048,US,US,722,TF48,38.8951,-77.0364,none
Available TollFree 888,+18881900049,US,US,722,TF49,38.8951,-77.0364,none
Available TollFree 877,+18771900050,US,US,722,TF50,38.8951,-77.0364,none
Available TollFree 866,+18661900051,US,US,722,TF51,38.8951,-77.0364,none
Available TollFree 855,+18551900052,US,US,722,TF52,38.8951,-77.0364,none
Available TollFree 844,+18441900053,US,US,722,TF53,38.8951,-77.0364,none
Available TollFree 833,+18331900054,US,US,722,TF54,38.8951,-77.0364,none
Available TollFree 822,+18221900055,US,US,722,TF55,38.8951,-77.0364,none
Available TollFree 800,+18001900056,US,US,722,TF56,38.8951,-77.0364,none
Available TollFree 888,+18881900057,US,US,722,TF57,38.8951,-77.0364,none
Available TollFree 877,+18771900058,US,US,722,TF58,38.8951,-77.0364,none
Available TollFree 866,+18661900059,US,US,722,TF59,38.8951,-77.0364,none
Available TollFree 855,+18551900060,US,US,722,TF60,38.8951,-77.0364,none
Available TollFree 844,+18441900061,US,US,722,TF61,38.8951,-77.0364,none
Available TollFree 833,+18331900062,US,US,722,TF62,38.8951,-77.0364,none
Available TollFree 822,+18221900063,US,US,722,TF63,38.8951,-77.0364,none
Available TollFree 800,+18001900064,US,US,722,TF64,38.8951,-77.0364,none
Available TollFree 888,+18881900065,US,US,722,TF65,38.8951,-77.0364,none
Available TollFree 877,+18771900066,US,US,722,TF66,38.8951,-77.0364,none
Available TollFree 866,+18661900067,US,US,722,TF67,38.8951,-77.0364,none
Available TollFree 855,+18551900068,US,US,722,TF68,38.8951,-77.0364,none
Available TollFree 844,+18441900069,US,US,722,TF69,38.8951,-77.0364,none
Available TollFree 833,+18331900070,US,US,722,TF70,38.8951,-77.0364,none
Available TollFree 822,+18221900071,US,US,722,TF71,38.8951,-77.0364,none
Available TollFree 800,+18001900072,US,US,722,TF72,38.8951,-77.0364,none
Available TollFree 888,+18881900073,US,US,722,TF73,38.8951,-77.0364,none
Available TollFree 877,+18771900074,US,US,722,TF74,38.8951,-77.0364,none
Available TollFree 866,+18661900075,US,US,722,TF75,38.8951,-77.0364,none
Available TollFree 855,+18551900076,US,US,722,TF76,38.8951,-77.0364,none
Available TollFree 844,+18441900077,US,US,722,TF77,38.8951,-77.0364,none
Available TollFree 833,+18331900078,US,US,722,TF78,38.8951,-77.0364,none
Available TollFree 822,+18221900079,US,US,722,TF79,38.8951,-77.0364,none
