sid,account_sid,friendly_name,phone_number,country_code,phone_number_type,capabilities,sms_enabled,voice_enabled,verified,date_created,date_updated
PNf61454b2daf9c4f2,ACcb44e59a6e8bf77b6329094c5a4db011,TollFree +18001000100,+18001000100,US,tollfree,"SMS,VOICE",true,true,true,2025-06-25T12:15:06.208Z,2026-04-14T20:25:20.531Z
PN88f501089b3a1fc5,ACcb44e59a6e8bf77b6329094c5a4db011,TollFree +18881000101,+18881000101,US,tollfree,"SMS,VOICE",true,true,true,2024-02-11T17:40:48.910Z,2026-04-14T20:25:20.531Z
PN09ed989294bb7dfe,ACcb44e59a6e8bf77b6329094c5a4db011,TollFree +18771000102,+18771000102,US,tollfree,"SMS,VOICE",true,true,true,2023-11-14T20:18:47.746Z,2026-04-14T20:25:20.531Z
PN5cbc565c3320c660,ACcb44e59a6e8bf77b6329094c5a4db011,TollFree +18661000103,+18661000103,US,tollfree,"SMS,VOICE",true,true,true,2024-10-13T18:41:06.207Z,2026-04-14T20:25:20.531Z
PN2937248de66edd0a,ACcb44e59a6e8bf77b6329094c5a4db011,TollFree +18551000104,+18551000104,US,tollfree,"SMS,VOICE",true,true,true,2023-06-11T16:46:44.010Z,2026-04-14T20:25:20.531Z
PNf862c897388b2ade,ACcb44e59a6e8bf77b6329094c5a4db011,TollFree +18441000105,+18441000105,US,tollfree,"SMS,VOICE",true,true,true,2024-03-11T09:56:55.146Z,2026-04-14T20:25:20.531Z
PN71de4eb6653b082a,ACcb44e59a6e8bf77b6329094c5a4db011,TollFree +18331000106,+18331000106,US,tollfree,"SMS,VOICE",true,true,true,2024-06-24T05:24:08.625Z,2026-04-14T20:25:20.531Z
PN23390d153a51af34,ACcb44e59a6e8bf77b6329094c5a4db011,TollFree +18221000107,+18221000107,US,tollfree,"SMS,VOICE",true,true,true,2025-08-17T12:55:42.609Z,2026-04-14T20:25:20.531Z
PN68e29dda29e80869,ACcb44e59a6e8bf77b6329094c5a4db011,Local 212-0001,+12121000001,US,local,"SMS,VOICE",true,true,true,2024-09-14T08:12:53.147Z,2026-04-14T20:25:20.531Z
PN0aeb7b19fff2e662,ACcb44e59a6e8bf77b6329094c5a4db011,Local 213-0002,+12131000002,US,local,"SMS,VOICE",true,true,true,2024-11-09T08:06:28.923Z,2026-04-14T20:25:20.531Z
PNbb1b113e1bae9f91,ACcb44e59a6e8bf77b6329094c5a4db011,Local 312-0003,+13121000003,US,local,"SMS,VOICE",true,true,true,2025-02-11T07:47:54.819Z,2026-04-14T20:25:20.531Z
PN0138efa2f31346d9,ACcb44e59a6e8bf77b6329094c5a4db011,Local 415-0004,+14151000004,US,local,"SMS,VOICE",true,true,true,2024-05-23T18:57:25.298Z,2026-04-14T20:25:20.531Z
PN678154d434abb8cd,ACcb44e59a6e8bf77b6329094c5a4db011,Local 503-0005,+15031000005,US,local,"SMS,VOICE",true,true,true,2025-10-17T00:25:37.984Z,2026-04-14T20:25:20.531Z
PN0c34711c3879f875,ACcb44e59a6e8bf77b6329094c5a4db011,Local 305-0006,+13051000006,US,local,"SMS,VOICE",true,true,true,2025-09-19T03:38:11.271Z,2026-04-14T20:25:20.531Z
PNd5e426b3f133d1c0,ACcb44e59a6e8bf77b6329094c5a4db011,Local 617-0007,+16171000007,US,local,"SMS,VOICE",true,true,true,2023-05-27T13:54:02.213Z,2026-04-14T20:25:20.531Z
PN315e53e131c4340c,ACcb44e59a6e8bf77b6329094c5a4db011,Local 702-0008,+17021000008,US,local,"SMS,VOICE",true,true,true,2025-04-17T23:45:38.621Z,2026-04-14T20:25:20.531Z
PN8f84fb9e63071297,ACcb44e59a6e8bf77b6329094c5a4db011,Local 314-0009,+13141000009,US,local,"SMS,VOICE",true,true,true,2023-10-03T01:56:38.874Z,2026-04-14T20:25:20.531Z
PN9ea17ec3320591a1,ACcb44e59a6e8bf77b6329094c5a4db011,Local 404-0010,+14041000010,US,local,"SMS,VOICE",true,true,true,2025-10-08T01:41:20.190Z,2026-04-14T20:25:20.531Z
PN9ae5cddba97298c7,ACcb44e59a6e8bf77b6329094c5a4db011,Local 512-0011,+15121000011,US,local,"SMS,VOICE",true,true,true,2026-01-04T15:51:51.199Z,2026-04-14T20:25:20.531Z
PNe16d41d4ac290329,ACcb44e59a6e8bf77b6329094c5a4db011,Local 646-0012,+16461000012,US,local,"SMS,VOICE",true,true,true,2024-06-09T17:30:34.613Z,2026-04-14T20:25:20.531Z
PN07208ef5338b321e,ACcb44e59a6e8bf77b6329094c5a4db011,Local 206-0013,+12061000013,US,local,"SMS,VOICE",true,true,true,2024-11-14T20:42:26.085Z,2026-04-14T20:25:20.531Z
PNb3a02469cdaf03ac,ACcb44e59a6e8bf77b6329094c5a4db011,Local 614-0014,+16141000014,US,local,"SMS,VOICE",true,true,true,2025-06-26T18:20:48.785Z,2026-04-14T20:25:20.531Z
PN70b2d8c438d3a010,ACcb44e59a6e8bf77b6329094c5a4db011,Local 917-0015,+19171000015,US,local,"SMS,VOICE",true,true,true,2025-03-28T12:46:34.697Z,2026-04-14T20:25:20.531Z
PN2c80a6f713000480,ACcb44e59a6e8bf77b6329094c5a4db011,Local 212-0016,+12121000016,US,local,"SMS,VOICE",true,true,true,2025-12-16T19:54:38.248Z,2026-04-14T20:25:20.531Z
PN8c99a134831926c7,ACcb44e59a6e8bf77b6329094c5a4db011,Local 213-0017,+12131000017,US,local,"SMS,VOICE",true,true,true,2024-10-01T10:04:35.657Z,2026-04-14T20:25:20.531Z
PN88a5284ac2958de3,ACcb44e59a6e8bf77b6329094c5a4db011,Local 312-0018,+13121000018,US,local,"SMS,VOICE",true,true,true,2025-01-15T09:20:12.999Z,2026-04-14T20:25:20.531Z
PN2b24ad596b34a51e,ACcb44e59a6e8bf77b6329094c5a4db011,Local 415-0019,+14151000019,US,local,"SMS,VOICE",true,true,true,2025-12-02T13:09:52.723Z,2026-04-14T20:25:20.531Z
PN36cfcd1352362812,ACcb44e59a6e8bf77b6329094c5a4db011,Local 503-0020,+15031000020,US,local,"SMS,VOICE",true,true,true,2026-03-31T02:08:56.721Z,2026-04-14T20:25:20.531Z
PN6ccc18dfb04a801b,ACcb44e59a6e8bf77b6329094c5a4db011,Local 305-0021,+13051000021,US,local,"SMS,VOICE",true,true,true,2023-12-20T14:45:25.948Z,2026-04-14T20:25:20.531Z
PN762fabf91b46fba5,ACcb44e59a6e8bf77b6329094c5a4db011,Local 617-0022,+16171000022,US,local,"SMS,VOICE",true,true,true,2025-01-09T21:30:20.137Z,2026-04-14T20:25:20.531Z
PN016e92e5826888c7,ACcb44e59a6e8bf77b6329094c5a4db011,Local 702-0023,+17021000023,US,local,"SMS,VOICE",true,true,true,2024-04-25T13:31:05.587Z,2026-04-14T20:25:20.531Z
PN751cf128a0256978,ACcb44e59a6e8bf77b6329094c5a4db011,Local 314-0024,+13141000024,US,local,"SMS,VOICE",true,true,true,2025-11-23T06:07:48.056Z,2026-04-14T20:25:20.531Z
PNdb5d018c96db5a61,ACcb44e59a6e8bf77b6329094c5a4db011,Local 404-0025,+14041000025,US,local,"SMS,VOICE",true,true,true,2024-05-08T19:30:30.224Z,2026-04-14T20:25:20.531Z
PNfcbe900abd788f50,ACcb44e59a6e8bf77b6329094c5a4db011,Local 512-0026,+15121000026,US,local,"SMS,VOICE",true,true,true,2023-11-30T21:41:14.674Z,2026-04-14T20:25:20.531Z
PNf3a21b587399d299,ACcb44e59a6e8bf77b6329094c5a4db011,Local 646-0027,+16461000027,US,local,"SMS,VOICE",true,true,true,2024-08-09T04:02:32.020Z,2026-04-14T20:25:20.531Z
PNe6c9f64f879a49c7,ACcb44e59a6e8bf77b6329094c5a4db011,Local 206-0028,+12061000028,US,local,"SMS,VOICE",true,true,true,2025-04-25T00:22:14.168Z,2026-04-14T20:25:20.531Z
PNdc0cd6caef8896b4,ACcb44e59a6e8bf77b6329094c5a4db011,Local 614-0029,+16141000029,US,local,"SMS,VOICE",true,true,true,2024-10-14T13:04:21.429Z,2026-04-14T20:25:20.531Z
PNf2cbb68133305b67,ACcb44e59a6e8bf77b6329094c5a4db011,Local 917-0030,+19171000030,US,local,"SMS,VOICE",true,true,true,2026-03-30T01:04:52.104Z,2026-04-14T20:25:20.531Z
PNf01a7d657d631d8e,ACcb44e59a6e8bf77b6329094c5a4db011,Local 212-0031,+12121000031,US,local,"SMS,VOICE",true,true,true,2025-03-26T01:02:03.142Z,2026-04-14T20:25:20.531Z
PN8e9ca1de8b163598,ACcb44e59a6e8bf77b6329094c5a4db011,Local 213-0032,+12131000032,US,local,"SMS,VOICE",true,true,true,2025-03-14T01:12:46.815Z,2026-04-14T20:25:20.531Z
PN6a8a0a4ce079ca06,ACcb44e59a6e8bf77b6329094c5a4db011,Local 312-0033,+13121000033,US,local,"SMS,VOICE",true,true,true,2025-11-28T15:28:48.778Z,2026-04-14T20:25:20.531Z
PN4d696b98e1181ab6,ACcb44e59a6e8bf77b6329094c5a4db011,Local 415-0034,+14151000034,US,local,"SMS,VOICE",true,true,true,2025-11-16T07:32:49.429Z,2026-04-14T20:25:20.531Z
PN874f714c168ba9bf,ACcb44e59a6e8bf77b6329094c5a4db011,Local 503-0035,+15031000035,US,local,"SMS,VOICE",true,true,true,2025-08-28T23:32:07.358Z,2026-04-14T20:25:20.531Z
PN7a43f9cfb06e7d35,ACcb44e59a6e8bf77b6329094c5a4db011,Local 305-0036,+13051000036,US,local,"SMS,VOICE",true,true,true,2025-07-11T15:53:36.295Z,2026-04-14T20:25:20.531Z
PN3d8e7062158012a5,ACcb44e59a6e8bf77b6329094c5a4db011,Local 617-0037,+16171000037,US,local,"SMS,VOICE",true,true,true,2024-05-25T10:15:39.905Z,2026-04-14T20:25:20.531Z
PN1c56b8e68473dc4a,ACcb44e59a6e8bf77b6329094c5a4db011,Local 702-0038,+17021000038,US,local,"SMS,VOICE",true,true,true,2024-11-14T16:42:39.086Z,2026-04-14T20:25:20.531Z
PN617e74527622ac22,ACcb44e59a6e8bf77b6329094c5a4db011,Local 314-0039,+13141000039,US,local,"SMS,VOICE",true,true,true,2023-12-25T05:34:25.052Z,2026-04-14T20:25:20.531Z
PN0d0b01dce5f9d2c1,ACcb44e59a6e8bf77b6329094c5a4db011,Local 404-0040,+14041000040,US,local,"SMS,VOICE",true,true,true,2025-11-29T23:02:19.311Z,2026-04-14T20:25:20.531Z
PN1df0116ec0b69310,ACcb44e59a6e8bf77b6329094c5a4db011,Local 512-0041,+15121000041,US,local,"SMS,VOICE",true,true,true,2023-12-01T06:28:32.572Z,2026-04-14T20:25:20.531Z
PN3277b0cdde6e7117,ACcb44e59a6e8bf77b6329094c5a4db011,Local 646-0042,+16461000042,US,local,"SMS,VOICE",true,true,true,2024-11-12T09:52:48.007Z,2026-04-14T20:25:20.531Z
PNeb41d7d213fa720d,ACcb44e59a6e8bf77b6329094c5a4db011,Local 206-0043,+12061000043,US,local,"SMS,VOICE",true,true,true,2025-05-26T05:23:26.461Z,2026-04-14T20:25:20.531Z
PNc58bd752e3f3d2fd,ACcb44e59a6e8bf77b6329094c5a4db011,Local 614-0044,+16141000044,US,local,"SMS,VOICE",true,true,true,2023-05-04T07:35:41.671Z,2026-04-14T20:25:20.531Z
PNffb1d4c863281cf4,ACcb44e59a6e8bf77b6329094c5a4db011,Local 917-0045,+19171000045,US,local,"SMS,VOICE",true,true,true,2025-03-10T11:20:33.753Z,2026-04-14T20:25:20.531Z
PNb0814bfe3f59b5f0,ACcb44e59a6e8bf77b6329094c5a4db011,Local 212-0046,+12121000046,US,local,"SMS,VOICE",true,true,true,2025-10-05T11:39:56.296Z,2026-04-14T20:25:20.531Z
PN0f267af7d71c0a1b,ACcb44e59a6e8bf77b6329094c5a4db011,Local 213-0047,+12131000047,US,local,"SMS,VOICE",true,true,true,2025-08-09T07:27:35.523Z,2026-04-14T20:25:20.531Z
PN72da2e8b6cea0704,ACcb44e59a6e8bf77b6329094c5a4db011,Local 312-0048,+13121000048,US,local,"SMS,VOICE",true,true,true,2023-08-12T22:01:27.894Z,2026-04-14T20:25:20.531Z
PN824fc613b3940674,ACcb44e59a6e8bf77b6329094c5a4db011,Local 415-0049,+14151000049,US,local,"SMS,VOICE",true,true,true,2024-03-19T06:50:01.096Z,2026-04-14T20:25:20.531Z
PN1fc3f137fc33cae7,ACcb44e59a6e8bf77b6329094c5a4db011,Local 503-0050,+15031000050,US,local,"SMS,VOICE",true,true,true,2025-03-05T05:28:18.887Z,2026-04-14T20:25:20.531Z
PNc762162733b2d0d2,ACcb44e59a6e8bf77b6329094c5a4db011,Local 305-0051,+13051000051,US,local,"SMS,VOICE",true,true,true,2024-06-22T12:09:13.665Z,2026-04-14T20:25:20.531Z
PN488fed7bc56b65e8,ACcb44e59a6e8bf77b6329094c5a4db011,Local 617-0052,+16171000052,US,local,"SMS,VOICE",true,true,true,2024-10-23T09:20:22.906Z,2026-04-14T20:25:20.531Z
PNc6797b83d6a3bce5,ACcb44e59a6e8bf77b6329094c5a4db011,Local 702-0053,+17021000053,US,local,"SMS,VOICE",true,true,true,2023-05-02T09:26:17.030Z,2026-04-14T20:25:20.531Z
PN05d75e8ff5d17e8b,ACcb44e59a6e8bf77b6329094c5a4db011,Local 314-0054,+13141000054,US,local,"SMS,VOICE",true,true,true,2025-12-30T18:33:46.604Z,2026-04-14T20:25:20.531Z
PNe5be4b3a857cf3f6,ACcb44e59a6e8bf77b6329094c5a4db011,Local 404-0055,+14041000055,US,local,"SMS,VOICE",true,true,true,2025-08-12T06:26:29.443Z,2026-04-14T20:25:20.531Z
PNbe3bdef17935e87e,ACcb44e59a6e8bf77b6329094c5a4db011,Local 512-0056,+15121000056,US,local,"SMS,VOICE",true,true,true,2023-04-25T06:25:42.007Z,2026-04-14T20:25:20.531Z
PN04bbc85e15273284,ACcb44e59a6e8bf77b6329094c5a4db011,Local 646-0057,+16461000057,US,local,"SMS,VOICE",true,true,true,2025-03-09T08:36:01.265Z,2026-04-14T20:25:20.531Z
PN5fb8b061b8faca93,ACcb44e59a6e8bf77b6329094c5a4db011,Local 206-0058,+12061000058,US,local,"SMS,VOICE",true,true,true,2024-04-05T13:13:43.033Z,2026-04-14T20:25:20.531Z
PN9aed5c2576f75750,ACcb44e59a6e8bf77b6329094c5a4db011,Local 614-0059,+16141000059,US,local,"SMS,VOICE",true,true,true,2025-02-24T13:12:01.332Z,2026-04-14T20:25:20.531Z
PN37bed0cdb81f33cd,ACcb44e59a6e8bf77b6329094c5a4db011,Local 917-0060,+19171000060,US,local,"SMS,VOICE",true,true,true,2026-02-27T23:54:03.431Z,2026-04-14T20:25:20.531Z
PNed96f0386a48fb80,ACcb44e59a6e8bf77b6329094c5a4db011,Local 212-0061,+12121000061,US,local,"SMS,VOICE",true,true,true,2023-06-02T19:50:29.307Z,2026-04-14T20:25:20.531Z
PNed7863ac6f6acf38,ACcb44e59a6e8bf77b6329094c5a4db011,Local 213-0062,+12131000062,US,local,"SMS,VOICE",true,true,true,2025-03-28T10:25:33.195Z,2026-04-14T20:25:20.531Z
PNf2640311e9f4e36f,ACcb44e59a6e8bf77b6329094c5a4db011,Local 312-0063,+13121000063,US,local,"SMS,VOICE",true,true,true,2025-12-08T05:54:35.866Z,2026-04-14T20:25:20.531Z
PNe301bdef2739eb2c,ACcb44e59a6e8bf77b6329094c5a4db011,Local 415-0064,+14151000064,US,local,"SMS,VOICE",true,true,true,2024-05-29T01:46:45.646Z,2026-04-14T20:25:20.531Z
PNc9f8c75967917335,ACcb44e59a6e8bf77b6329094c5a4db011,Local 503-0065,+15031000065,US,local,"SMS,VOICE",true,true,true,2025-03-30T17:08:45.942Z,2026-04-14T20:25:20.531Z
PN9fb10833963c8834,ACcb44e59a6e8bf77b6329094c5a4db011,Local 305-0066,+13051000066,US,local,"SMS,VOICE",true,true,true,2025-05-07T05:44:41.664Z,2026-04-14T20:25:20.531Z
PN691e6bda1f7c4e0a,ACcb44e59a6e8bf77b6329094c5a4db011,Local 617-0067,+16171000067,US,local,"SMS,VOICE",true,true,true,2025-03-02T20:32:51.442Z,2026-04-14T20:25:20.531Z
PN22be2ce43b358e1e,ACcb44e59a6e8bf77b6329094c5a4db011,Local 702-0068,+17021000068,US,local,"SMS,VOICE",true,true,true,2024-04-29T12:23:14.750Z,2026-04-14T20:25:20.531Z
PN856e03e9b1df85c0,ACcb44e59a6e8bf77b6329094c5a4db011,Local 314-0069,+13141000069,US,local,"SMS,VOICE",true,true,true,2025-04-25T05:46:11.239Z,2026-04-14T20:25:20.531Z
PN641936d6e3b97881,ACcb44e59a6e8bf77b6329094c5a4db011,Local 404-0070,+14041000070,US,local,"SMS,VOICE",true,true,true,2024-12-09T08:56:55.657Z,2026-04-14T20:25:20.531Z
PN27d1a649d4ca7a6e,ACcb44e59a6e8bf77b6329094c5a4db011,Local 512-0071,+15121000071,US,local,"SMS,VOICE",true,true,true,2024-10-04T14:44:47.267Z,2026-04-14T20:25:20.531Z
PN40949ae0a5401053,ACcb44e59a6e8bf77b6329094c5a4db011,Local 646-0072,+16461000072,US,local,"SMS,VOICE",true,true,true,2024-08-02T21:07:23.932Z,2026-04-14T20:25:20.531Z
PN3ce17ceddf9c4a2b,ACcb44e59a6e8bf77b6329094c5a4db011,Local 206-0073,+12061000073,US,local,"SMS,VOICE",true,true,true,2025-07-12T04:56:41.326Z,2026-04-14T20:25:20.531Z
PNe53c84305754a836,ACcb44e59a6e8bf77b6329094c5a4db011,Local 614-0074,+16141000074,US,local,"SMS,VOICE",true,true,true,2025-08-24T02:10:06.197Z,2026-04-14T20:25:20.531Z
PNaefef518d7d269ed,ACcb44e59a6e8bf77b6329094c5a4db011,Local 917-0075,+19171000075,US,local,"SMS,VOICE",true,true,true,2024-08-19T14:25:12.057Z,2026-04-14T20:25:20.531Z
PNcf809586332a21f3,ACcb44e59a6e8bf77b6329094c5a4db011,Local 212-0076,+12121000076,US,local,"SMS,VOICE",true,true,true,2025-09-08T13:11:55.784Z,2026-04-14T20:25:20.531Z
PN76e44b64be28e37f,ACcb44e59a6e8bf77b6329094c5a4db011,Local 213-0077,+12131000077,US,local,"SMS,VOICE",true,true,true,2024-03-01T06:00:49.779Z,2026-04-14T20:25:20.531Z
PN1f203c7d5e9ed1e3,ACcb44e59a6e8bf77b6329094c5a4db011,Local 312-0078,+13121000078,US,local,"SMS,VOICE",true,true,true,2024-08-01T01:39:56.618Z,2026-04-14T20:25:20.531Z
PN2125aa7ae6e85f05,ACcb44e59a6e8bf77b6329094c5a4db011,Local 415-0079,+14151000079,US,local,"SMS,VOICE",true,true,true,2024-05-13T12:58:40.886Z,2026-04-14T20:25:20.531Z
PNa387177ae644009e,ACcb44e59a6e8bf77b6329094c5a4db011,Local 503-0080,+15031000080,US,local,"SMS,VOICE",true,true,true,2023-05-28T08:46:34.847Z,2026-04-14T20:25:20.531Z
PN2cc6d0c14894163c,ACcb44e59a6e8bf77b6329094c5a4db011,Local 305-0081,+13051000081,US,local,"SMS,VOICE",true,true,true,2024-09-22T20:49:58.103Z,2026-04-14T20:25:20.531Z
PN1c5bfae9984cfd9d,ACcb44e59a6e8bf77b6329094c5a4db011,Local 617-0082,+16171000082,US,local,"SMS,VOICE",true,true,true,2024-01-10T10:07:11.274Z,2026-04-14T20:25:20.531Z
PN99a9389b05a5a10c,ACcb44e59a6e8bf77b6329094c5a4db011,Local 702-0083,+17021000083,US,local,"SMS,VOICE",true,true,true,2026-03-06T02:40:30.249Z,2026-04-14T20:25:20.531Z
PN10981a6ac70a3f68,ACcb44e59a6e8bf77b6329094c5a4db011,Local 314-0084,+13141000084,US,local,"SMS,VOICE",true,true,true,2024-02-24T19:55:08.073Z,2026-04-14T20:25:20.531Z
PN34d67378e904087f,ACcb44e59a6e8bf77b6329094c5a4db011,Local 404-0085,+14041000085,US,local,"SMS,VOICE",true,true,true,2023-06-05T18:52:22.543Z,2026-04-14T20:25:20.531Z
PN5442ba921cd43aaa,ACcb44e59a6e8bf77b6329094c5a4db011,Local 512-0086,+15121000086,US,local,"SMS,VOICE",true,true,true,2024-12-12T20:06:04.207Z,2026-04-14T20:25:20.531Z
PN0e27962c732433f5,ACcb44e59a6e8bf77b6329094c5a4db011,Local 646-0087,+16461000087,US,local,"SMS,VOICE",true,true,true,2024-07-11T02:41:06.993Z,2026-04-14T20:25:20.531Z
PNdb1555604a22fc79,ACcb44e59a6e8bf77b6329094c5a4db011,Local 206-0088,+12061000088,US,local,"SMS,VOICE",true,true,true,2024-09-23T14:50:41.156Z,2026-04-14T20:25:20.531Z
PN68e0ad4f4c908248,ACcb44e59a6e8bf77b6329094c5a4db011,Local 614-0089,+16141000089,US,local,"SMS,VOICE",true,true,true,2025-11-13T08:38:44.260Z,2026-04-14T20:25:20.531Z
PN9f150b89e95ebd38,ACcb44e59a6e8bf77b6329094c5a4db011,Local 917-0090,+19171000090,US,local,"SMS,VOICE",true,true,true,2025-05-26T23:33:06.472Z,2026-04-14T20:25:20.531Z
PN94aef03195ba3da0,ACcb44e59a6e8bf77b6329094c5a4db011,Local 212-0091,+12121000091,US,local,"SMS,VOICE",true,true,true,2025-11-05T04:38:25.414Z,2026-04-14T20:25:20.531Z
PN58894819ff1e0d18,ACcb44e59a6e8bf77b6329094c5a4db011,Local 213-0092,+12131000092,US,local,"SMS,VOICE",true,true,true,2025-11-02T13:39:07.077Z,2026-04-14T20:25:20.531Z
PN3e0fc54ef082f409,ACcb44e59a6e8bf77b6329094c5a4db011,Local 312-0093,+13121000093,US,local,"SMS,VOICE",true,true,true,2025-12-01T06:44:51.433Z,2026-04-14T20:25:20.531Z
PNe4e29d647bf6b7d1,ACcb44e59a6e8bf77b6329094c5a4db011,Local 415-0094,+14151000094,US,local,"SMS,VOICE",true,true,true,2024-05-26T09:39:27.735Z,2026-04-14T20:25:20.531Z
PN8ba433e3509f86d1,ACcb44e59a6e8bf77b6329094c5a4db011,Local 503-0095,+15031000095,US,local,"SMS,VOICE",true,true,true,2024-08-06T06:19:58.345Z,2026-04-14T20:25:20.531Z
PNb7e56aa98ace0a1b,ACcb44e59a6e8bf77b6329094c5a4db011,Local 305-0096,+13051000096,US,local,"SMS,VOICE",true,true,true,2023-10-22T01:04:21.704Z,2026-04-14T20:25:20.531Z
PN206c5268ad1e9b6c,ACcb44e59a6e8bf77b6329094c5a4db011,Local 617-0097,+16171000097,US,local,"SMS,VOICE",true,true,true,2025-01-16T10:57:34.576Z,2026-04-14T20:25:20.531Z
PN64f37fae93bda7f2,ACcb44e59a6e8bf77b6329094c5a4db011,Local 702-0098,+17021000098,US,local,"SMS,VOICE",true,true,true,2023-09-08T19:14:34.618Z,2026-04-14T20:25:20.531Z
PN5bbe1703d643bc3e,ACcb44e59a6e8bf77b6329094c5a4db011,Local 314-0099,+13141000099,US,local,"SMS,VOICE",true,true,true,2024-04-09T06:28:00.363Z,2026-04-14T20:25:20.531Z
PN07428cabdf9531ca,ACcb44e59a6e8bf77b6329094c5a4db011,Local 404-0100,+14041000100,US,local,"SMS,VOICE",true,true,true,2025-06-03T06:26:59.474Z,2026-04-14T20:25:20.531Z
PNa833941b54342eaf,ACcb44e59a6e8bf77b6329094c5a4db011,Local 512-0101,+15121000101,US,local,"SMS,VOICE",true,true,true,2025-09-22T06:57:53.617Z,2026-04-14T20:25:20.531Z
PNd6e1d6e277f34022,ACcb44e59a6e8bf77b6329094c5a4db011,Local 646-0102,+16461000102,US,local,"SMS,VOICE",true,true,true,2023-07-23T01:35:20.201Z,2026-04-14T20:25:20.531Z
PN23a9e4c52c96ae77,ACcb44e59a6e8bf77b6329094c5a4db011,Local 206-0103,+12061000103,US,local,"SMS,VOICE",true,true,true,2024-02-25T22:49:02.958Z,2026-04-14T20:25:20.531Z
PNe8d0edc11277c008,ACcb44e59a6e8bf77b6329094c5a4db011,Local 614-0104,+16141000104,US,local,"SMS,VOICE",true,true,true,2026-01-15T04:52:55.305Z,2026-04-14T20:25:20.531Z
PN0f136991bc32fc71,ACcb44e59a6e8bf77b6329094c5a4db011,Local 917-0105,+19171000105,US,local,"SMS,VOICE",true,true,true,2025-03-08T12:33:36.429Z,2026-04-14T20:25:20.531Z
PNedc517c097e22112,ACcb44e59a6e8bf77b6329094c5a4db011,Local 212-0106,+12121000106,US,local,"SMS,VOICE",true,true,true,2024-10-28T11:07:13.036Z,2026-04-14T20:25:20.531Z
PN16c402411f1c9eb3,ACcb44e59a6e8bf77b6329094c5a4db011,Local 213-0107,+12131000107,US,local,"SMS,VOICE",true,true,true,2024-09-02T23:13:31.596Z,2026-04-14T20:25:20.531Z
PN67790934aed57f62,ACcb44e59a6e8bf77b6329094c5a4db011,Local 312-0108,+13121000108,US,local,"SMS,VOICE",true,true,true,2024-11-03T22:01:51.247Z,2026-04-14T20:25:20.531Z
PN09780575ce2d3243,ACcb44e59a6e8bf77b6329094c5a4db011,Local 415-0109,+14151000109,US,local,"SMS,VOICE",true,true,true,2024-04-29T19:57:15.125Z,2026-04-14T20:25:20.531Z
PN3add9b96490a9f0e,ACcb44e59a6e8bf77b6329094c5a4db011,Local 503-0110,+15031000110,US,local,"SMS,VOICE",true,true,true,2025-05-31T12:07:03.337Z,2026-04-14T20:25:20.531Z
PN52bd214a6e8f7186,ACcb44e59a6e8bf77b6329094c5a4db011,Local 305-0111,+13051000111,US,local,"SMS,VOICE",true,true,true,2024-07-04T03:15:01.449Z,2026-04-14T20:25:20.531Z
PN125a3d2421106e2c,ACcb44e59a6e8bf77b6329094c5a4db011,Local 617-0112,+16171000112,US,local,"SMS,VOICE",true,true,true,2023-06-03T02:45:59.197Z,2026-04-14T20:25:20.531Z
PNae7a307e5f1c4d3b,ACcb44e59a6e8bf77b6329094c5a4db011,Local 702-0113,+17021000113,US,local,"SMS,VOICE",true,true,true,2023-12-16T03:56:28.346Z,2026-04-14T20:25:20.531Z
PNa4adad4cd4bdb301,ACcb44e59a6e8bf77b6329094c5a4db011,Local 314-0114,+13141000114,US,local,"SMS,VOICE",true,true,true,2024-07-25T19:18:15.646Z,2026-04-14T20:25:20.531Z
PNb5f98e9f9d106b30,ACcb44e59a6e8bf77b6329094c5a4db011,Local 404-0115,+14041000115,US,local,"SMS,VOICE",true,true,true,2026-03-10T21:49:29.342Z,2026-04-14T20:25:20.531Z
PNaeec3df9bac04098,ACcb44e59a6e8bf77b6329094c5a4db011,Local 512-0116,+15121000116,US,local,"SMS,VOICE",true,true,true,2025-01-19T15:30:16.070Z,2026-04-14T20:25:20.531Z
PNf3b119b4ea957f19,ACcb44e59a6e8bf77b6329094c5a4db011,Local 646-0117,+16461000117,US,local,"SMS,VOICE",true,true,true,2025-06-10T01:38:19.428Z,2026-04-14T20:25:20.531Z
PN1a1d98183009f688,ACcb44e59a6e8bf77b6329094c5a4db011,Local 206-0118,+12061000118,US,local,"SMS,VOICE",true,true,true,2024-03-03T19:32:15.337Z,2026-04-14T20:25:20.531Z
PNd4585bbab26a4345,ACcb44e59a6e8bf77b6329094c5a4db011,Local 614-0119,+16141000119,US,local,"SMS,VOICE",true,true,true,2024-12-25T04:27:30.507Z,2026-04-14T20:25:20.531Z
PN84da6f4ac64e7c74,ACcb44e59a6e8bf77b6329094c5a4db011,Local 917-0120,+19171000120,US,local,"SMS,VOICE",true,true,true,2025-05-06T17:56:59.619Z,2026-04-14T20:25:20.531Z
PNcebafa2d59f12869,ACcb44e59a6e8bf77b6329094c5a4db011,Local 212-0121,+12121000121,US,local,"SMS,VOICE",true,true,true,2025-02-06T15:00:18.639Z,2026-04-14T20:25:20.531Z
PNd76287b77effdf86,ACcb44e59a6e8bf77b6329094c5a4db011,Local 213-0122,+12131000122,US,local,"SMS,VOICE",true,true,true,2024-09-08T22:47:34.678Z,2026-04-14T20:25:20.531Z
PNc950df4e24ec0091,ACcb44e59a6e8bf77b6329094c5a4db011,Local 312-0123,+13121000123,US,local,"SMS,VOICE",true,true,true,2024-12-16T07:00:13.213Z,2026-04-14T20:25:20.531Z
PNbf1c662ed8920f0b,ACcb44e59a6e8bf77b6329094c5a4db011,Local 415-0124,+14151000124,US,local,"SMS,VOICE",true,true,true,2023-07-01T00:47:54.849Z,2026-04-14T20:25:20.531Z
PNce2213f252c54e1b,ACcb44e59a6e8bf77b6329094c5a4db011,Local 503-0125,+15031000125,US,local,"SMS,VOICE",true,true,true,2023-05-19T11:12:02.191Z,2026-04-14T20:25:20.531Z
PNa6345c045e7a3459,ACcb44e59a6e8bf77b6329094c5a4db011,Local 305-0126,+13051000126,US,local,"SMS,VOICE",true,true,true,2024-02-04T06:39:54.805Z,2026-04-14T20:25:20.531Z
PNb150c21f819a08d4,ACcb44e59a6e8bf77b6329094c5a4db011,Local 617-0127,+16171000127,US,local,"SMS,VOICE",true,true,true,2024-05-06T05:21:37.310Z,2026-04-14T20:25:20.531Z
PN36d1b2224e4945fe,ACcb44e59a6e8bf77b6329094c5a4db011,Local 702-0128,+17021000128,US,local,"SMS,VOICE",true,true,true,2025-08-24T03:58:19.542Z,2026-04-14T20:25:20.531Z
PNbeec3c2f0acca39b,ACcb44e59a6e8bf77b6329094c5a4db011,Local 314-0129,+13141000129,US,local,"SMS,VOICE",true,true,true,2023-09-28T20:16:31.122Z,2026-04-14T20:25:20.531Z
PN751f3e3269c721c7,ACcb44e59a6e8bf77b6329094c5a4db011,Local 404-0130,+14041000130,US,local,"SMS,VOICE",true,true,true,2023-10-13T09:19:18.456Z,2026-04-14T20:25:20.531Z
PN2df1b57c30501453,ACcb44e59a6e8bf77b6329094c5a4db011,Local 512-0131,+15121000131,US,local,"SMS,VOICE",true,true,true,2023-06-17T12:47:01.780Z,2026-04-14T20:25:20.531Z
PN8270bdfaf1ec5ef9,ACcb44e59a6e8bf77b6329094c5a4db011,Local 646-0132,+16461000132,US,local,"SMS,VOICE",true,true,true,2023-10-12T03:58:39.167Z,2026-04-14T20:25:20.531Z
PN28712fc0f9292388,ACcb44e59a6e8bf77b6329094c5a4db011,Local 206-0133,+12061000133,US,local,"SMS,VOICE",true,true,true,2025-12-25T23:12:26.454Z,2026-04-14T20:25:20.531Z
PN4b5f964763638eba,ACcb44e59a6e8bf77b6329094c5a4db011,Local 614-0134,+16141000134,US,local,"SMS,VOICE",true,true,true,2025-03-23T04:33:54.217Z,2026-04-14T20:25:20.531Z
PNb1b88b2de0764683,ACcb44e59a6e8bf77b6329094c5a4db011,Local 917-0135,+19171000135,US,local,"SMS,VOICE",true,true,true,2023-07-30T16:16:44.727Z,2026-04-14T20:25:20.531Z
PN2c8a317855869665,ACcb44e59a6e8bf77b6329094c5a4db011,Local 212-0136,+12121000136,US,local,"SMS,VOICE",true,true,true,2024-10-16T05:35:42.924Z,2026-04-14T20:25:20.531Z
PN6d317be1c4419eab,ACcb44e59a6e8bf77b6329094c5a4db011,Local 213-0137,+12131000137,US,local,"SMS,VOICE",true,true,true,2025-05-24T16:47:59.225Z,2026-04-14T20:25:20.531Z
PN07708730a7e635e6,ACcb44e59a6e8bf77b6329094c5a4db011,Local 312-0138,+13121000138,US,local,"SMS,VOICE",true,true,true,2023-05-30T19:07:07.778Z,2026-04-14T20:25:20.531Z
PN2214f90ee4903226,ACcb44e59a6e8bf77b6329094c5a4db011,Local 415-0139,+14151000139,US,local,"SMS,VOICE",true,true,true,2023-09-09T13:36:49.839Z,2026-04-14T20:25:20.531Z
PNf76a9b34fc24e8e4,ACcb44e59a6e8bf77b6329094c5a4db011,Local 503-0140,+15031000140,US,local,"SMS,VOICE",true,true,true,2025-09-18T12:17:26.765Z,2026-04-14T20:25:20.531Z
PNc3f2736f1436fc31,ACcb44e59a6e8bf77b6329094c5a4db011,Local 305-0141,+13051000141,US,local,"SMS,VOICE",true,true,true,2025-07-05T15:29:06.004Z,2026-04-14T20:25:20.531Z
PNe6b4892d412935b5,ACcb44e59a6e8bf77b6329094c5a4db011,Local 617-0142,+16171000142,US,local,"SMS,VOICE",true,true,true,2024-07-25T09:28:44.544Z,2026-04-14T20:25:20.531Z
PN5ae02c1bd2b04a4d,ACcb44e59a6e8bf77b6329094c5a4db011,Local 702-0143,+17021000143,US,local,"SMS,VOICE",true,true,true,2025-06-12T00:10:31.535Z,2026-04-14T20:25:20.531Z
PNf5131af0036bf281,ACcb44e59a6e8bf77b6329094c5a4db011,Local 314-0144,+13141000144,US,local,"SMS,VOICE",true,true,true,2024-12-25T00:08:27.497Z,2026-04-14T20:25:20.531Z
PNeb223773139d5505,ACcb44e59a6e8bf77b6329094c5a4db011,Local 404-0145,+14041000145,US,local,"SMS,VOICE",true,true,true,2025-04-20T10:00:45.540Z,2026-04-14T20:25:20.531Z
PNd77feffb6391afcd,ACcb44e59a6e8bf77b6329094c5a4db011,Local 512-0146,+15121000146,US,local,"SMS,VOICE",true,true,true,2025-04-14T22:03:41.659Z,2026-04-14T20:25:20.531Z
PN70a8747727f11f53,ACcb44e59a6e8bf77b6329094c5a4db011,Local 646-0147,+16461000147,US,local,"SMS,VOICE",true,true,true,2023-11-03T14:27:34.578Z,2026-04-14T20:25:20.531Z
PN14c993a31985a531,ACcb44e59a6e8bf77b6329094c5a4db011,Local 206-0148,+12061000148,US,local,"SMS,VOICE",true,true,true,2024-08-02T09:03:01.271Z,2026-04-14T20:25:20.531Z
PNf275063090094934,ACcb44e59a6e8bf77b6329094c5a4db011,Local 614-0149,+16141000149,US,local,"SMS,VOICE",true,true,true,2025-09-24T05:37:45.901Z,2026-04-14T20:25:20.531Z
PNeba3a1f9eb1717ce,ACcb44e59a6e8bf77b6329094c5a4db011,Local 917-0150,+19171000150,US,local,"SMS,VOICE",true,true,true,2025-01-18T13:54:57.351Z,2026-04-14T20:25:20.531Z
PNb1275de46cbbcc3b,ACcb44e59a6e8bf77b6329094c5a4db011,Local 212-0151,+12121000151,US,local,"SMS,VOICE",true,true,true,2024-11-21T10:36:47.287Z,2026-04-14T20:25:20.531Z
PNf715ece7271b1e84,ACcb44e59a6e8bf77b6329094c5a4db011,Local 213-0152,+12131000152,US,local,"SMS,VOICE",true,true,true,2024-04-06T19:55:52.923Z,2026-04-14T20:25:20.531Z
PNad3186160c2acef0,ACcb44e59a6e8bf77b6329094c5a4db011,Local 312-0153,+13121000153,US,local,"SMS,VOICE",true,true,true,2025-09-26T00:30:01.476Z,2026-04-14T20:25:20.531Z
PN492546c14529ea1d,ACcb44e59a6e8bf77b6329094c5a4db011,Local 415-0154,+14151000154,US,local,"SMS,VOICE",true,true,true,2025-02-08T04:27:23.282Z,2026-04-14T20:25:20.531Z
PN712951e600069bbe,ACcb44e59a6e8bf77b6329094c5a4db011,Local 503-0155,+15031000155,US,local,"SMS,VOICE",true,true,true,2026-03-25T01:48:28.881Z,2026-04-14T20:25:20.531Z
PN5a8272f94c45758d,ACcb44e59a6e8bf77b6329094c5a4db011,Local 305-0156,+13051000156,US,local,"SMS,VOICE",true,true,true,2024-12-16T16:08:03.862Z,2026-04-14T20:25:20.531Z
PN251df06ea3b23d3d,ACcb44e59a6e8bf77b6329094c5a4db011,Local 617-0157,+16171000157,US,local,"SMS,VOICE",true,true,true,2024-12-14T11:13:27.713Z,2026-04-14T20:25:20.531Z
PNe17aaeb17ddbaca7,ACcb44e59a6e8bf77b6329094c5a4db011,Local 702-0158,+17021000158,US,local,"SMS,VOICE",true,true,true,2024-02-02T19:46:18.136Z,2026-04-14T20:25:20.531Z
PN413885ecddf684a9,ACcb44e59a6e8bf77b6329094c5a4db011,Local 314-0159,+13141000159,US,local,"SMS,VOICE",true,true,true,2024-01-10T21:42:47.884Z,2026-04-14T20:25:20.531Z
PNaa529be525b0d264,ACcb44e59a6e8bf77b6329094c5a4db011,Local 404-0160,+14041000160,US,local,"SMS,VOICE",true,true,true,2024-10-15T14:12:21.710Z,2026-04-14T20:25:20.531Z
PNa87b36a4525f63f5,ACcb44e59a6e8bf77b6329094c5a4db011,Local 512-0161,+15121000161,US,local,"SMS,VOICE",true,true,true,2024-10-06T20:51:16.619Z,2026-04-14T20:25:20.531Z
PN2c86ef1a8917630b,ACcb44e59a6e8bf77b6329094c5a4db011,Local 646-0162,+16461000162,US,local,"SMS,VOICE",true,true,true,2023-11-21T20:05:40.532Z,2026-04-14T20:25:20.531Z
PNe77c2e408c4bdf64,ACcb44e59a6e8bf77b6329094c5a4db011,Local 206-0163,+12061000163,US,local,"SMS,VOICE",true,true,true,2025-03-02T10:11:17.645Z,2026-04-14T20:25:20.531Z
PN96ddc7501489b2b9,ACcb44e59a6e8bf77b6329094c5a4db011,Local 614-0164,+16141000164,US,local,"SMS,VOICE",true,true,true,2024-01-14T04:53:28.691Z,2026-04-14T20:25:20.531Z
PNdc070a540722611d,ACcb44e59a6e8bf77b6329094c5a4db011,Local 917-0165,+19171000165,US,local,"SMS,VOICE",true,true,true,2024-04-03T12:26:04.158Z,2026-04-14T20:25:20.531Z
PNde48073d8efe8d5a,ACcb44e59a6e8bf77b6329094c5a4db011,Local 212-0166,+12121000166,US,local,"SMS,VOICE",true,true,true,2023-05-26T06:57:54.022Z,2026-04-14T20:25:20.531Z
PNe799db3a77e180a3,ACcb44e59a6e8bf77b6329094c5a4db011,Local 213-0167,+12131000167,US,local,"SMS,VOICE",true,true,true,2024-02-13T06:57:49.925Z,2026-04-14T20:25:20.531Z
PN07ced04d4ab8eccf,ACcb44e59a6e8bf77b6329094c5a4db011,Local 312-0168,+13121000168,US,local,"SMS,VOICE",true,true,true,2024-09-10T09:02:04.401Z,2026-04-14T20:25:20.531Z
PN6ad39d4ad0889439,ACcb44e59a6e8bf77b6329094c5a4db011,Local 415-0169,+14151000169,US,local,"SMS,VOICE",true,true,true,2023-10-07T23:28:58.970Z,2026-04-14T20:25:20.531Z
PN612a406ca049930a,ACcb44e59a6e8bf77b6329094c5a4db011,Local 503-0170,+15031000170,US,local,"SMS,VOICE",true,true,true,2024-09-16T02:10:58.745Z,2026-04-14T20:25:20.531Z
PN8bd8fb41a8e833db,ACcb44e59a6e8bf77b6329094c5a4db011,Local 305-0171,+13051000171,US,local,"SMS,VOICE",true,true,true,2026-02-05T05:28:11.385Z,2026-04-14T20:25:20.531Z
PNe523d1769fb9d00f,ACcb44e59a6e8bf77b6329094c5a4db011,Local 617-0172,+16171000172,US,local,"SMS,VOICE",true,true,true,2025-06-10T15:21:07.194Z,2026-04-14T20:25:20.531Z
PNabc96cbcbb526bb2,ACcb44e59a6e8bf77b6329094c5a4db011,Local 702-0173,+17021000173,US,local,"SMS,VOICE",true,true,true,2025-10-11T18:18:16.005Z,2026-04-14T20:25:20.531Z
PNc348e6bd95edb9b6,ACcb44e59a6e8bf77b6329094c5a4db011,Local 314-0174,+13141000174,US,local,"SMS,VOICE",true,true,true,2025-06-29T15:22:59.818Z,2026-04-14T20:25:20.531Z
PN3cb3452fcf8212e8,ACcb44e59a6e8bf77b6329094c5a4db011,Local 404-0175,+14041000175,US,local,"SMS,VOICE",true,true,true,2024-04-26T00:04:47.306Z,2026-04-14T20:25:20.531Z
PNcc441265de4e31c0,ACcb44e59a6e8bf77b6329094c5a4db011,Local 512-0176,+15121000176,US,local,"SMS,VOICE",true,true,true,2024-07-14T09:22:15.474Z,2026-04-14T20:25:20.531Z
PN4e3b049d48e9a256,ACcb44e59a6e8bf77b6329094c5a4db011,Local 646-0177,+16461000177,US,local,"SMS,VOICE",true,true,true,2025-01-15T07:42:57.776Z,2026-04-14T20:25:20.531Z
PNc1ec21d46c55dd44,ACcb44e59a6e8bf77b6329094c5a4db011,Local 206-0178,+12061000178,US,local,"SMS,VOICE",true,true,true,2023-10-28T02:00:08.319Z,2026-04-14T20:25:20.531Z
PNe1b8572728eb6c04,ACcb44e59a6e8bf77b6329094c5a4db011,Local 614-0179,+16141000179,US,local,"SMS,VOICE",true,true,true,2024-11-20T06:28:08.704Z,2026-04-14T20:25:20.531Z
PN5c8926252aa67e48,ACcb44e59a6e8bf77b6329094c5a4db011,Local 917-0180,+19171000180,US,local,"SMS,VOICE",true,true,true,2024-11-02T14:59:35.053Z,2026-04-14T20:25:20.531Z
PN00ba1225ec622a9b,ACcb44e59a6e8bf77b6329094c5a4db011,Local 212-0181,+12121000181,US,local,"SMS,VOICE",true,true,true,2023-07-01T17:35:05.529Z,2026-04-14T20:25:20.531Z
PNafdd0e06eb64617a,ACcb44e59a6e8bf77b6329094c5a4db011,Local 213-0182,+12131000182,US,local,"SMS,VOICE",true,true,true,2023-09-16T14:13:43.765Z,2026-04-14T20:25:20.531Z
PN658e37866672f325,ACcb44e59a6e8bf77b6329094c5a4db011,Local 312-0183,+13121000183,US,local,"SMS,VOICE",true,true,true,2024-01-18T08:23:42.853Z,2026-04-14T20:25:20.531Z
PN82afe6367dc75173,ACcb44e59a6e8bf77b6329094c5a4db011,Local 415-0184,+14151000184,US,local,"SMS,VOICE",true,true,true,2025-09-19T20:43:20.517Z,2026-04-14T20:25:20.531Z
PNc81466e912d0a797,ACcb44e59a6e8bf77b6329094c5a4db011,Local 503-0185,+15031000185,US,local,"SMS,VOICE",true,true,true,2024-10-18T03:07:20.772Z,2026-04-14T20:25:20.531Z
PN3c6a032fcd0479b9,ACcb44e59a6e8bf77b6329094c5a4db011,Local 305-0186,+13051000186,US,local,"SMS,VOICE",true,true,true,2024-03-06T07:46:04.537Z,2026-04-14T20:25:20.531Z
PNb70e74c1d61be518,ACcb44e59a6e8bf77b6329094c5a4db011,Local 617-0187,+16171000187,US,local,"SMS,VOICE",true,true,true,2025-12-13T00:30:18.005Z,2026-04-14T20:25:20.531Z
PN4aac045f0f4c7b92,ACcb44e59a6e8bf77b6329094c5a4db011,Local 702-0188,+17021000188,US,local,"SMS,VOICE",true,true,true,2026-04-12T15:33:13.960Z,2026-04-14T20:25:20.531Z
PNc9aa29d07104ad9f,ACcb44e59a6e8bf77b6329094c5a4db011,Local 314-0189,+13141000189,US,local,"SMS,VOICE",true,true,true,2024-12-29T06:39:36.948Z,2026-04-14T20:25:20.531Z
PNd2b323337e793de5,ACcb44e59a6e8bf77b6329094c5a4db011,Local 404-0190,+14041000190,US,local,"SMS,VOICE",true,true,true,2026-02-12T02:47:51.950Z,2026-04-14T20:25:20.531Z
PN10fd3a87cabc0800,ACcb44e59a6e8bf77b6329094c5a4db011,Local 512-0191,+15121000191,US,local,"SMS,VOICE",true,true,true,2025-07-02T05:51:28.626Z,2026-04-14T20:25:20.531Z
PN27e487eda51236cc,ACcb44e59a6e8bf77b6329094c5a4db011,Local 646-0192,+16461000192,US,local,"SMS,VOICE",true,true,true,2025-07-03T07:11:35.910Z,2026-04-14T20:25:20.531Z
PN188ef4d3f487c34f,ACcb44e59a6e8bf77b6329094c5a4db011,Local 206-0193,+12061000193,US,local,"SMS,VOICE",true,true,true,2024-11-27T16:16:35.530Z,2026-04-14T20:25:20.531Z
PNa6a06bffec3b1c95,ACcb44e59a6e8bf77b6329094c5a4db011,Local 614-0194,+16141000194,US,local,"SMS,VOICE",true,true,true,2026-04-13T09:35:38.877Z,2026-04-14T20:25:20.531Z
PN2e2abb2d155eefe7,ACcb44e59a6e8bf77b6329094c5a4db011,Local 917-0195,+19171000195,US,local,"SMS,VOICE",true,true,true,2025-07-21T14:52:39.415Z,2026-04-14T20:25:20.531Z
PNcd6911bfd52bcd78,ACcb44e59a6e8bf77b6329094c5a4db011,Local 212-0196,+12121000196,US,local,"SMS,VOICE",true,true,true,2024-09-26T03:22:11.101Z,2026-04-14T20:25:20.531Z
PNf13a63d22a7862c5,ACcb44e59a6e8bf77b6329094c5a4db011,Local 213-0197,+12131000197,US,local,"SMS,VOICE",true,true,true,2024-05-26T03:53:52.783Z,2026-04-14T20:25:20.531Z
PN729669c9c3066705,ACcb44e59a6e8bf77b6329094c5a4db011,Local 312-0198,+13121000198,US,local,"SMS,VOICE",true,true,true,2023-09-08T13:06:59.449Z,2026-04-14T20:25:20.531Z
PN21e4f8fdc412472f,ACcb44e59a6e8bf77b6329094c5a4db011,Local 415-0199,+14151000199,US,local,"SMS,VOICE",true,true,true,2025-06-28T18:59:28.989Z,2026-04-14T20:25:20.531Z
PN12bb7a83b9bd0a79,ACcb44e59a6e8bf77b6329094c5a4db011,Local 503-0200,+15031000200,US,local,"SMS,VOICE",true,true,true,2026-03-20T15:25:21.976Z,2026-04-14T20:25:20.531Z
PNeda2fce2afd6594d,ACcb44e59a6e8bf77b6329094c5a4db011,Local 305-0201,+13051000201,US,local,"SMS,VOICE",true,true,true,2025-01-31T07:18:53.556Z,2026-04-14T20:25:20.531Z
PNb51282555ccf5688,ACcb44e59a6e8bf77b6329094c5a4db011,Local 617-0202,+16171000202,US,local,"SMS,VOICE",true,true,true,2024-08-16T07:06:57.449Z,2026-04-14T20:25:20.531Z
PN26cd882c10195f04,ACcb44e59a6e8bf77b6329094c5a4db011,Local 702-0203,+17021000203,US,local,"SMS,VOICE",true,true,true,2025-06-01T10:40:14.271Z,2026-04-14T20:25:20.531Z
PNbafee34c597331d8,ACcb44e59a6e8bf77b6329094c5a4db011,Local 314-0204,+13141000204,US,local,"SMS,VOICE",true,true,true,2023-11-12T02:01:23.920Z,2026-04-14T20:25:20.531Z
PN3be7772712e70e41,ACcb44e59a6e8bf77b6329094c5a4db011,Local 404-0205,+14041000205,US,local,"SMS,VOICE",true,true,true,2024-08-17T23:12:34.061Z,2026-04-14T20:25:20.531Z
PNecbc83ca7c345c64,ACcb44e59a6e8bf77b6329094c5a4db011,Local 512-0206,+15121000206,US,local,"SMS,VOICE",true,true,true,2025-12-08T16:26:25.368Z,2026-04-14T20:25:20.531Z
PN5c791a9c42b1ed53,ACcb44e59a6e8bf77b6329094c5a4db011,Local 646-0207,+16461000207,US,local,"SMS,VOICE",true,true,true,2024-02-14T01:46:32.175Z,2026-04-14T20:25:20.531Z
PN40810f2ca39a3345,ACcb44e59a6e8bf77b6329094c5a4db011,Local 206-0208,+12061000208,US,local,"SMS,VOICE",true,true,true,2024-06-16T01:07:03.063Z,2026-04-14T20:25:20.531Z
PN274c88510970f0e3,ACcb44e59a6e8bf77b6329094c5a4db011,Local 614-0209,+16141000209,US,local,"SMS,VOICE",true,true,true,2023-08-12T03:41:52.904Z,2026-04-14T20:25:20.531Z
PN77e1c6207f87a914,ACcb44e59a6e8bf77b6329094c5a4db011,Local 917-0210,+19171000210,US,local,"SMS,VOICE",true,true,true,2023-12-20T06:50:27.288Z,2026-04-14T20:25:20.531Z
PN09bf77279b5e6ffe,ACcb44e59a6e8bf77b6329094c5a4db011,Local 212-0211,+12121000211,US,local,"SMS,VOICE",true,true,true,2025-05-17T18:02:16.503Z,2026-04-14T20:25:20.531Z
PN917482442e52b1d6,ACcb44e59a6e8bf77b6329094c5a4db011,Local 213-0212,+12131000212,US,local,"SMS,VOICE",true,true,true,2023-06-02T22:04:20.855Z,2026-04-14T20:25:20.531Z
PNccd7f484fbee9cf4,ACcb44e59a6e8bf77b6329094c5a4db011,Local 312-0213,+13121000213,US,local,"SMS,VOICE",true,true,true,2026-03-26T08:28:37.086Z,2026-04-14T20:25:20.531Z
PN9d3c62da9fdde256,ACcb44e59a6e8bf77b6329094c5a4db011,Local 415-0214,+14151000214,US,local,"SMS,VOICE",true,true,true,2025-10-06T06:51:00.080Z,2026-04-14T20:25:20.531Z
PN18cf33b2bf1111ab,ACcb44e59a6e8bf77b6329094c5a4db011,Local 503-0215,+15031000215,US,local,"SMS,VOICE",true,true,true,2025-02-02T18:20:00.677Z,2026-04-14T20:25:20.531Z
PNc5bf864880ea1599,ACcb44e59a6e8bf77b6329094c5a4db011,Local 305-0216,+13051000216,US,local,"SMS,VOICE",true,true,true,2025-05-23T04:05:08.427Z,2026-04-14T20:25:20.531Z
PN5d146efdc8ffc0ff,ACcb44e59a6e8bf77b6329094c5a4db011,Local 617-0217,+16171000217,US,local,"SMS,VOICE",true,true,true,2025-08-09T01:52:40.310Z,2026-04-14T20:25:20.531Z
PN2243d02ac13db9e1,ACcb44e59a6e8bf77b6329094c5a4db011,Local 702-0218,+17021000218,US,local,"SMS,VOICE",true,true,true,2025-04-27T10:50:51.630Z,2026-04-14T20:25:20.531Z
PNe5928b78518823b8,ACcb44e59a6e8bf77b6329094c5a4db011,Local 314-0219,+13141000219,US,local,"SMS,VOICE",true,true,true,2025-02-05T13:13:57.204Z,2026-04-14T20:25:20.531Z
PN27b72df08810e52c,ACcb44e59a6e8bf77b6329094c5a4db011,Local 404-0220,+14041000220,US,local,"SMS,VOICE",true,true,true,2024-10-22T17:24:15.901Z,2026-04-14T20:25:20.531Z
PNd963e0b11cab75b3,ACcb44e59a6e8bf77b6329094c5a4db011,Local 512-0221,+15121000221,US,local,"SMS,VOICE",true,true,true,2024-04-23T00:59:35.335Z,2026-04-14T20:25:20.531Z
PN8cd446257f2c27f5,ACcb44e59a6e8bf77b6329094c5a4db011,Local 646-0222,+16461000222,US,local,"SMS,VOICE",true,true,true,2023-11-03T05:42:09.825Z,2026-04-14T20:25:20.531Z
PN44bdfbcb468c9c42,ACcb44e59a6e8bf77b6329094c5a4db011,Local 206-0223,+12061000223,US,local,"SMS,VOICE",true,true,true,2025-01-15T19:37:51.636Z,2026-04-14T20:25:20.531Z
PNd90238e06693abe0,ACcb44e59a6e8bf77b6329094c5a4db011,Local 614-0224,+16141000224,US,local,"SMS,VOICE",true,true,true,2026-01-28T07:12:10.701Z,2026-04-14T20:25:20.531Z
PN666614ef92b1d7b5,ACcb44e59a6e8bf77b6329094c5a4db011,Local 917-0225,+19171000225,US,local,"SMS,VOICE",true,true,true,2023-06-22T04:32:32.341Z,2026-04-14T20:25:20.531Z
PN63c937785debf401,ACcb44e59a6e8bf77b6329094c5a4db011,Local 212-0226,+12121000226,US,local,"SMS,VOICE",true,true,true,2023-07-08T10:21:27.111Z,2026-04-14T20:25:20.531Z
PN69eb566ea9153554,ACcb44e59a6e8bf77b6329094c5a4db011,Local 213-0227,+12131000227,US,local,"SMS,VOICE",true,true,true,2024-05-28T05:59:12.049Z,2026-04-14T20:25:20.531Z
PNdd0c4196e895828c,ACcb44e59a6e8bf77b6329094c5a4db011,Local 312-0228,+13121000228,US,local,"SMS,VOICE",true,true,true,2026-04-03T05:00:41.220Z,2026-04-14T20:25:20.531Z
PN2ee6e8a2495639b1,ACcb44e59a6e8bf77b6329094c5a4db011,Local 415-0229,+14151000229,US,local,"SMS,VOICE",true,true,true,2025-07-26T13:04:06.577Z,2026-04-14T20:25:20.531Z
PNd6dbfe215b666ca5,ACcb44e59a6e8bf77b6329094c5a4db011,Local 503-0230,+15031000230,US,local,"SMS,VOICE",true,true,true,2025-06-02T03:21:57.467Z,2026-04-14T20:25:20.531Z
PNe89f919235545f1f,ACcb44e59a6e8bf77b6329094c5a4db011,Local 305-0231,+13051000231,US,local,"SMS,VOICE",true,true,true,2025-11-04T13:12:40.266Z,2026-04-14T20:25:20.531Z
PNa67c2540768ffc3d,ACcb44e59a6e8bf77b6329094c5a4db011,Local 617-0232,+16171000232,US,local,"SMS,VOICE",true,true,true,2024-07-18T22:35:20.201Z,2026-04-14T20:25:20.531Z
PN65114ec29fbbacce,ACcb44e59a6e8bf77b6329094c5a4db011,Local 702-0233,+17021000233,US,local,"SMS,VOICE",true,true,true,2025-05-05T06:50:45.222Z,2026-04-14T20:25:20.531Z
PNccc93c72a24486f6,ACcb44e59a6e8bf77b6329094c5a4db011,Local 314-0234,+13141000234,US,local,"SMS,VOICE",true,true,true,2024-11-08T12:47:50.734Z,2026-04-14T20:25:20.531Z
PN34cb180b17ddbb56,ACcb44e59a6e8bf77b6329094c5a4db011,Local 404-0235,+14041000235,US,local,"SMS,VOICE",true,true,true,2024-01-12T02:33:16.005Z,2026-04-14T20:25:20.531Z
PNacf3b065425c35a3,ACcb44e59a6e8bf77b6329094c5a4db011,Local 512-0236,+15121000236,US,local,"SMS,VOICE",true,true,true,2025-10-29T09:15:34.944Z,2026-04-14T20:25:20.531Z
PNa2060b16c08fedd4,ACcb44e59a6e8bf77b6329094c5a4db011,Local 646-0237,+16461000237,US,local,"SMS,VOICE",true,true,true,2025-10-10T20:52:52.054Z,2026-04-14T20:25:20.531Z
PN3ac1f7892d35badd,ACcb44e59a6e8bf77b6329094c5a4db011,Local 206-0238,+12061000238,US,local,"SMS,VOICE",true,true,true,2024-02-24T10:43:12.851Z,2026-04-14T20:25:20.531Z
PN09fe0bb5b3e799a5,ACcb44e59a6e8bf77b6329094c5a4db011,Local 614-0239,+16141000239,US,local,"SMS,VOICE",true,true,true,2024-07-09T09:49:26.255Z,2026-04-14T20:25:20.531Z
PNb6357a534b5bc470,ACcb44e59a6e8bf77b6329094c5a4db011,Local 917-0240,+19171000240,US,local,"SMS,VOICE",true,true,true,2025-03-29T02:10:41.750Z,2026-04-14T20:25:20.531Z
PN127048f74805e4fb,ACcb44e59a6e8bf77b6329094c5a4db011,Local 212-0241,+12121000241,US,local,"SMS,VOICE",true,true,true,2025-03-10T05:13:20.268Z,2026-04-14T20:25:20.531Z
PN4ebc93ee010dd28a,ACcb44e59a6e8bf77b6329094c5a4db011,Local 213-0242,+12131000242,US,local,"SMS,VOICE",true,true,true,2024-03-09T11:22:11.943Z,2026-04-14T20:25:20.531Z
PN3903dc86b430d3a7,ACcb44e59a6e8bf77b6329094c5a4db011,Local 312-0243,+13121000243,US,local,"SMS,VOICE",true,true,true,2024-04-12T14:35:17.447Z,2026-04-14T20:25:20.531Z
PNe2868508372e4600,ACcb44e59a6e8bf77b6329094c5a4db011,Local 415-0244,+14151000244,US,local,"SMS,VOICE",true,true,true,2024-10-30T12:31:16.203Z,2026-04-14T20:25:20.531Z
PN9cf7ec1c70264c69,ACcb44e59a6e8bf77b6329094c5a4db011,Local 503-0245,+15031000245,US,local,"SMS,VOICE",true,true,true,2025-05-24T18:33:28.728Z,2026-04-14T20:25:20.531Z
PN7c607081037e4a4a,ACcb44e59a6e8bf77b6329094c5a4db011,Local 305-0246,+13051000246,US,local,"SMS,VOICE",true,true,true,2024-04-29T12:34:43.743Z,2026-04-14T20:25:20.531Z
PN6051dd6922463111,ACcb44e59a6e8bf77b6329094c5a4db011,Local 617-0247,+16171000247,US,local,"SMS,VOICE",true,true,true,2025-04-24T07:43:14.671Z,2026-04-14T20:25:20.531Z
PNd83b2469f21d6231,ACcb44e59a6e8bf77b6329094c5a4db011,Local 702-0248,+17021000248,US,local,"SMS,VOICE",true,true,true,2023-05-28T09:15:46.541Z,2026-04-14T20:25:20.531Z
PNf135669c6122b485,ACcb44e59a6e8bf77b6329094c5a4db011,Local 314-0249,+13141000249,US,local,"SMS,VOICE",true,true,true,2025-01-28T16:00:42.332Z,2026-04-14T20:25:20.531Z
PN2aa7e1caed8bdac7,ACcb44e59a6e8bf77b6329094c5a4db011,Local 404-0250,+14041000250,US,local,"SMS,VOICE",true,true,true,2024-12-03T12:54:04.258Z,2026-04-14T20:25:20.531Z
PNb5d950c9a9243f59,ACcb44e59a6e8bf77b6329094c5a4db011,Local 512-0251,+15121000251,US,local,"SMS,VOICE",true,true,true,2024-04-10T04:31:34.384Z,2026-04-14T20:25:20.531Z
PNfd811bba523874f6,ACcb44e59a6e8bf77b6329094c5a4db011,Local 646-0252,+16461000252,US,local,"SMS,VOICE",true,true,true,2023-06-26T19:59:59.172Z,2026-04-14T20:25:20.531Z
PN9ec8837ef91408ea,ACcb44e59a6e8bf77b6329094c5a4db011,Local 206-0253,+12061000253,US,local,"SMS,VOICE",true,true,true,2025-09-28T18:00:11.196Z,2026-04-14T20:25:20.531Z
PN04a781c1de39e603,ACcb44e59a6e8bf77b6329094c5a4db011,Local 614-0254,+16141000254,US,local,"SMS,VOICE",true,true,true,2025-08-04T08:28:12.306Z,2026-04-14T20:25:20.531Z
PNfc7fd84fec43370a,ACcb44e59a6e8bf77b6329094c5a4db011,Local 917-0255,+19171000255,US,local,"SMS,VOICE",true,true,true,2025-06-22T23:11:09.403Z,2026-04-14T20:25:20.531Z
PN126830fc4162613a,ACcb44e59a6e8bf77b6329094c5a4db011,Local 212-0256,+12121000256,US,local,"SMS,VOICE",true,true,true,2023-07-07T22:02:49.384Z,2026-04-14T20:25:20.531Z
PN67d00dcaead07f32,ACcb44e59a6e8bf77b6329094c5a4db011,Local 213-0257,+12131000257,US,local,"SMS,VOICE",true,true,true,2024-06-30T12:20:14.908Z,2026-04-14T20:25:20.531Z
PN2fafdd81c2a820d2,ACcb44e59a6e8bf77b6329094c5a4db011,Local 312-0258,+13121000258,US,local,"SMS,VOICE",true,true,true,2025-03-28T12:55:04.692Z,2026-04-14T20:25:20.531Z
PNffce5f31dd53b06e,ACcb44e59a6e8bf77b6329094c5a4db011,Local 415-0259,+14151000259,US,local,"SMS,VOICE",true,true,true,2024-12-20T18:13:04.462Z,2026-04-14T20:25:20.531Z
PN5729c3d14b21dab2,ACcb44e59a6e8bf77b6329094c5a4db011,Local 503-0260,+15031000260,US,local,"SMS,VOICE",true,true,true,2024-07-03T17:17:47.763Z,2026-04-14T20:25:20.531Z
PNb5bf27a22737693c,ACcb44e59a6e8bf77b6329094c5a4db011,Local 305-0261,+13051000261,US,local,"SMS,VOICE",true,true,true,2026-04-09T03:11:33.460Z,2026-04-14T20:25:20.531Z
PN04f1536af7e2caad,ACcb44e59a6e8bf77b6329094c5a4db011,Local 617-0262,+16171000262,US,local,"SMS,VOICE",true,true,true,2026-02-08T15:14:41.123Z,2026-04-14T20:25:20.531Z
PN7f0c7d3972701f24,ACcb44e59a6e8bf77b6329094c5a4db011,Local 702-0263,+17021000263,US,local,"SMS,VOICE",true,true,true,2024-08-01T16:17:28.320Z,2026-04-14T20:25:20.531Z
PNab2a05cf76d25561,ACcb44e59a6e8bf77b6329094c5a4db011,Local 314-0264,+13141000264,US,local,"SMS,VOICE",true,true,true,2026-01-25T19:00:22.353Z,2026-04-14T20:25:20.531Z
PNb4f09aaef57bb266,ACcb44e59a6e8bf77b6329094c5a4db011,Local 404-0265,+14041000265,US,local,"SMS,VOICE",true,true,true,2024-10-02T07:07:53.306Z,2026-04-14T20:25:20.531Z
PN10c9958b8d6648a9,ACcb44e59a6e8bf77b6329094c5a4db011,Local 512-0266,+15121000266,US,local,"SMS,VOICE",true,true,true,2025-12-21T18:14:08.294Z,2026-04-14T20:25:20.531Z
PN1c0e2202c2b249c2,ACcb44e59a6e8bf77b6329094c5a4db011,Local 646-0267,+16461000267,US,local,"SMS,VOICE",true,true,true,2023-07-28T01:02:14.280Z,2026-04-14T20:25:20.531Z
PN17c8e85433a2366d,ACcb44e59a6e8bf77b6329094c5a4db011,Local 206-0268,+12061000268,US,local,"SMS,VOICE",true,true,true,2024-02-06T02:34:11.303Z,2026-04-14T20:25:20.531Z
PN598ddf7fd2e05838,ACcb44e59a6e8bf77b6329094c5a4db011,Local 614-0269,+16141000269,US,local,"SMS,VOICE",true,true,true,2025-08-05T12:53:00.329Z,2026-04-14T20:25:20.531Z
PN525482d781b5e0e0,ACcb44e59a6e8bf77b6329094c5a4db011,Local 917-0270,+19171000270,US,local,"SMS,VOICE",true,true,true,2024-06-05T12:58:44.692Z,2026-04-14T20:25:20.531Z
PN7f9cf0944f265ebb,ACcb44e59a6e8bf77b6329094c5a4db011,Local 212-0271,+12121000271,US,local,"SMS,VOICE",true,true,true,2025-01-01T22:39:58.974Z,2026-04-14T20:25:20.531Z
PN34dc3b4de9de22ab,ACcb44e59a6e8bf77b6329094c5a4db011,Local 213-0272,+12131000272,US,local,"SMS,VOICE",true,true,true,2023-10-25T13:40:36.761Z,2026-04-14T20:25:20.531Z
PN596a5163d8bf1675,ACcb44e59a6e8bf77b6329094c5a4db011,Local 312-0273,+13121000273,US,local,"SMS,VOICE",true,true,true,2024-06-15T13:28:34.410Z,2026-04-14T20:25:20.531Z
PN27c0170191c6fa72,ACcb44e59a6e8bf77b6329094c5a4db011,Local 415-0274,+14151000274,US,local,"SMS,VOICE",true,true,true,2023-09-11T06:23:58.048Z,2026-04-14T20:25:20.531Z
PN90d79cfaa2003692,ACcb44e59a6e8bf77b6329094c5a4db011,Local 503-0275,+15031000275,US,local,"SMS,VOICE",true,true,true,2025-11-14T21:09:28.968Z,2026-04-14T20:25:20.531Z
PN2989b3d4cd2c70d8,ACcb44e59a6e8bf77b6329094c5a4db011,Local 305-0276,+13051000276,US,local,"SMS,VOICE",true,true,true,2025-12-10T01:09:39.794Z,2026-04-14T20:25:20.531Z
PN90547cc54165d187,ACcb44e59a6e8bf77b6329094c5a4db011,Local 617-0277,+16171000277,US,local,"SMS,VOICE",true,true,true,2024-02-12T11:53:21.295Z,2026-04-14T20:25:20.531Z
PN9f9ae214bb2d8a59,ACcb44e59a6e8bf77b6329094c5a4db011,Local 702-0278,+17021000278,US,local,"SMS,VOICE",true,true,true,2026-03-19T19:12:57.607Z,2026-04-14T20:25:20.531Z
PN3e3c9732a8616be8,ACcb44e59a6e8bf77b6329094c5a4db011,Local 314-0279,+13141000279,US,local,"SMS,VOICE",true,true,true,2023-10-20T12:47:45.979Z,2026-04-14T20:25:20.531Z
PNab289c4dc50d3c99,ACcb44e59a6e8bf77b6329094c5a4db011,Local 404-0280,+14041000280,US,local,"SMS,VOICE",true,true,true,2024-07-10T22:43:29.117Z,2026-04-14T20:25:20.531Z
PNc7ec7d6021abeac1,ACcb44e59a6e8bf77b6329094c5a4db011,Local 512-0281,+15121000281,US,local,"SMS,VOICE",true,true,true,2024-07-22T18:49:44.693Z,2026-04-14T20:25:20.531Z
PNeff2e4eeee32a970,ACcb44e59a6e8bf77b6329094c5a4db011,Local 646-0282,+16461000282,US,local,"SMS,VOICE",true,true,true,2024-02-19T13:29:13.453Z,2026-04-14T20:25:20.531Z
PNcab1039c75b489b3,ACcb44e59a6e8bf77b6329094c5a4db011,Local 206-0283,+12061000283,US,local,"SMS,VOICE",true,true,true,2024-03-25T01:16:32.664Z,2026-04-14T20:25:20.531Z
PNf97e5aac040abfbf,ACcb44e59a6e8bf77b6329094c5a4db011,Local 614-0284,+16141000284,US,local,"SMS,VOICE",true,true,true,2023-08-31T09:05:58.882Z,2026-04-14T20:25:20.531Z
PN54e391f518ceb11c,ACcb44e59a6e8bf77b6329094c5a4db011,Local 917-0285,+19171000285,US,local,"SMS,VOICE",true,true,true,2024-03-24T15:42:14.200Z,2026-04-14T20:25:20.531Z
PN8ef8801d192dc7fb,ACcb44e59a6e8bf77b6329094c5a4db011,Local 212-0286,+12121000286,US,local,"SMS,VOICE",true,true,true,2025-02-27T00:15:31.502Z,2026-04-14T20:25:20.531Z
PN46e52f9a54b16eab,ACcb44e59a6e8bf77b6329094c5a4db011,Local 213-0287,+12131000287,US,local,"SMS,VOICE",true,true,true,2024-05-27T22:33:34.961Z,2026-04-14T20:25:20.531Z
PN1fcd93d54be7026f,ACcb44e59a6e8bf77b6329094c5a4db011,Local 312-0288,+13121000288,US,local,"SMS,VOICE",true,true,true,2025-02-17T16:35:55.182Z,2026-04-14T20:25:20.531Z
PNd5ae6be51f027f8b,ACcb44e59a6e8bf77b6329094c5a4db011,Local 415-0289,+14151000289,US,local,"SMS,VOICE",true,true,true,2025-08-01T02:36:24.898Z,2026-04-14T20:25:20.531Z
PNe286532d9d410247,ACcb44e59a6e8bf77b6329094c5a4db011,Local 503-0290,+15031000290,US,local,"SMS,VOICE",true,true,true,2024-04-22T03:25:22.304Z,2026-04-14T20:25:20.531Z
PN877926a218cf6dee,ACcb44e59a6e8bf77b6329094c5a4db011,Local 305-0291,+13051000291,US,local,"SMS,VOICE",true,true,true,2024-05-17T08:44:10.210Z,2026-04-14T20:25:20.531Z
PNd342ac3f3c93a7e2,ACcb44e59a6e8bf77b6329094c5a4db011,Local 617-0292,+16171000292,US,local,"SMS,VOICE",true,true,true,2023-11-11T07:01:36.208Z,2026-04-14T20:25:20.531Z
PN8731cbaba0de9a8a,ACcb44e59a6e8bf77b6329094c5a4db011,Local 702-0293,+17021000293,US,local,"SMS,VOICE",true,true,true,2025-11-30T22:43:01.707Z,2026-04-14T20:25:20.531Z
PN35cef479ddd69b85,ACcb44e59a6e8bf77b6329094c5a4db011,Local 314-0294,+13141000294,US,local,"SMS,VOICE",true,true,true,2025-08-29T06:01:05.444Z,2026-04-14T20:25:20.531Z
PNb46f06728ecb2b8b,ACcb44e59a6e8bf77b6329094c5a4db011,Local 404-0295,+14041000295,US,local,"SMS,VOICE",true,true,true,2023-09-30T03:05:04.354Z,2026-04-14T20:25:20.531Z
PNa68dad3a7dd3e1a3,ACcb44e59a6e8bf77b6329094c5a4db011,Local 512-0296,+15121000296,US,local,"SMS,VOICE",true,true,true,2023-05-25T00:06:52.438Z,2026-04-14T20:25:20.531Z
PNbd03d3126e29c65c,ACcb44e59a6e8bf77b6329094c5a4db011,Local 646-0297,+16461000297,US,local,"SMS,VOICE",true,true,true,2026-01-17T04:59:00.835Z,2026-04-14T20:25:20.531Z
PNd2dd50648b2e707c,ACcb44e59a6e8bf77b6329094c5a4db011,Local 206-0298,+12061000298,US,local,"SMS,VOICE",true,true,true,2024-09-21T09:13:01.414Z,2026-04-14T20:25:20.531Z
PN934d9c33e85dfb65,ACcb44e59a6e8bf77b6329094c5a4db011,Local 614-0299,+16141000299,US,local,"SMS,VOICE",true,true,true,2024-09-02T18:33:44.879Z,2026-04-14T20:25:20.531Z
PN1b232dcfb483f40f,ACcb44e59a6e8bf77b6329094c5a4db011,Local 917-0300,+19171000300,US,local,"SMS,VOICE",true,true,true,2024-12-12T18:37:17.455Z,2026-04-14T20:25:20.531Z
PN3819159e71810e50,ACcb44e59a6e8bf77b6329094c5a4db011,Local 212-0301,+12121000301,US,local,"SMS,VOICE",true,true,true,2023-04-20T22:55:18.609Z,2026-04-14T20:25:20.531Z
PN9370ba5c26fc6257,ACcb44e59a6e8bf77b6329094c5a4db011,Local 213-0302,+12131000302,US,local,"SMS,VOICE",true,true,true,2024-06-25T03:33:47.678Z,2026-04-14T20:25:20.531Z
PN75089e223bd2ae08,ACcb44e59a6e8bf77b6329094c5a4db011,Local 312-0303,+13121000303,US,local,"SMS,VOICE",true,true,true,2024-04-19T02:58:59.343Z,2026-04-14T20:25:20.531Z
PN306e35cbb4302d19,ACcb44e59a6e8bf77b6329094c5a4db011,Local 415-0304,+14151000304,US,local,"SMS,VOICE",true,true,true,2023-11-12T07:42:45.508Z,2026-04-14T20:25:20.531Z
PN7de6064a99181df0,ACcb44e59a6e8bf77b6329094c5a4db011,Local 503-0305,+15031000305,US,local,"SMS,VOICE",true,true,true,2024-09-30T12:20:03.752Z,2026-04-14T20:25:20.531Z
PN999baa2bb7d17ed5,ACcb44e59a6e8bf77b6329094c5a4db011,Local 305-0306,+13051000306,US,local,"SMS,VOICE",true,true,true,2025-01-11T12:39:06.572Z,2026-04-14T20:25:20.531Z
PNdd60f2617451141c,ACcb44e59a6e8bf77b6329094c5a4db011,Local 617-0307,+16171000307,US,local,"SMS,VOICE",true,true,true,2025-04-27T06:40:22.506Z,2026-04-14T20:25:20.531Z
PN4ce41a682c557ed8,ACcb44e59a6e8bf77b6329094c5a4db011,Local 702-0308,+17021000308,US,local,"SMS,VOICE",true,true,true,2025-11-02T10:18:12.554Z,2026-04-14T20:25:20.531Z
PN9955d4e1a919fb44,ACcb44e59a6e8bf77b6329094c5a4db011,Local 314-0309,+13141000309,US,local,"SMS,VOICE",true,true,true,2025-05-23T10:54:18.719Z,2026-04-14T20:25:20.531Z
PNfa141ca0ab2e6616,ACcb44e59a6e8bf77b6329094c5a4db011,Local 404-0310,+14041000310,US,local,"SMS,VOICE",true,true,true,2023-06-17T11:28:09.295Z,2026-04-14T20:25:20.531Z
PNaadadb3637c1ded5,ACcb44e59a6e8bf77b6329094c5a4db011,Local 512-0311,+15121000311,US,local,"SMS,VOICE",true,true,true,2025-11-16T16:01:47.766Z,2026-04-14T20:25:20.531Z
PNcf3263e8cc2ab38a,ACcb44e59a6e8bf77b6329094c5a4db011,Local 646-0312,+16461000312,US,local,"SMS,VOICE",true,true,true,2024-03-20T12:53:57.749Z,2026-04-14T20:25:20.531Z
PN91e5bda69be6c2e3,ACcb44e59a6e8bf77b6329094c5a4db011,Local 206-0313,+12061000313,US,local,"SMS,VOICE",true,true,true,2024-12-02T10:17:45.325Z,2026-04-14T20:25:20.531Z
PNf0d2844ec5d5d326,ACcb44e59a6e8bf77b6329094c5a4db011,Local 614-0314,+16141000314,US,local,"SMS,VOICE",true,true,true,2024-10-01T05:15:57.820Z,2026-04-14T20:25:20.531Z
PN449f466b2b81c401,ACcb44e59a6e8bf77b6329094c5a4db011,Local 917-0315,+19171000315,US,local,"SMS,VOICE",true,true,true,2025-10-18T20:43:08.960Z,2026-04-14T20:25:20.531Z
PN36a31a0a40a1627e,ACcb44e59a6e8bf77b6329094c5a4db011,Local 212-0316,+12121000316,US,local,"SMS,VOICE",true,true,true,2024-11-05T17:14:27.892Z,2026-04-14T20:25:20.531Z
PN06f56d8b7897740c,ACcb44e59a6e8bf77b6329094c5a4db011,Local 213-0317,+12131000317,US,local,"SMS,VOICE",true,true,true,2024-02-20T10:56:24.043Z,2026-04-14T20:25:20.531Z
PN5035da883961916d,ACcb44e59a6e8bf77b6329094c5a4db011,Local 312-0318,+13121000318,US,local,"SMS,VOICE",true,true,true,2023-06-19T19:52:47.838Z,2026-04-14T20:25:20.531Z
PN1b7b9b0b23d68aae,ACcb44e59a6e8bf77b6329094c5a4db011,Local 415-0319,+14151000319,US,local,"SMS,VOICE",true,true,true,2024-04-12T16:46:22.248Z,2026-04-14T20:25:20.531Z
PN07ef80f441cd5796,ACcb44e59a6e8bf77b6329094c5a4db011,Local 503-0320,+15031000320,US,local,"SMS,VOICE",true,true,true,2025-10-11T13:54:10.313Z,2026-04-14T20:25:20.531Z
PN320c4e5ed12f3df8,ACcb44e59a6e8bf77b6329094c5a4db011,Local 305-0321,+13051000321,US,local,"SMS,VOICE",true,true,true,2025-06-02T20:08:39.563Z,2026-04-14T20:25:20.531Z
PN75d33b2fc774d9e9,ACcb44e59a6e8bf77b6329094c5a4db011,Local 617-0322,+16171000322,US,local,"SMS,VOICE",true,true,true,2025-03-06T23:27:26.451Z,2026-04-14T20:25:20.531Z
PN509e07f826f7fe8b,ACcb44e59a6e8bf77b6329094c5a4db011,Local 702-0323,+17021000323,US,local,"SMS,VOICE",true,true,true,2025-05-31T12:34:54.996Z,2026-04-14T20:25:20.531Z
PNbffe64fbcb7e70c3,ACcb44e59a6e8bf77b6329094c5a4db011,Local 314-0324,+13141000324,US,local,"SMS,VOICE",true,true,true,2025-10-10T06:54:37.714Z,2026-04-14T20:25:20.531Z
PNd9d30dd3bd76439a,ACcb44e59a6e8bf77b6329094c5a4db011,Local 404-0325,+14041000325,US,local,"SMS,VOICE",true,true,true,2025-06-03T03:13:12.741Z,2026-04-14T20:25:20.531Z
PN9b1af5c702fa76b5,ACcb44e59a6e8bf77b6329094c5a4db011,Local 512-0326,+15121000326,US,local,"SMS,VOICE",true,true,true,2025-01-13T22:29:25.146Z,2026-04-14T20:25:20.531Z
PNef3fb67f44d261ec,ACcb44e59a6e8bf77b6329094c5a4db011,Local 646-0327,+16461000327,US,local,"SMS,VOICE",true,true,true,2024-03-21T05:03:06.076Z,2026-04-14T20:25:20.531Z
PN4770fb8a26bb362e,ACcb44e59a6e8bf77b6329094c5a4db011,Local 206-0328,+12061000328,US,local,"SMS,VOICE",true,true,true,2025-04-08T22:25:50.886Z,2026-04-14T20:25:20.531Z
PN460f6008b255567a,ACcb44e59a6e8bf77b6329094c5a4db011,Local 614-0329,+16141000329,US,local,"SMS,VOICE",true,true,true,2024-12-22T04:41:31.042Z,2026-04-14T20:25:20.531Z
PN3a110090a05d8ea7,ACcb44e59a6e8bf77b6329094c5a4db011,Local 917-0330,+19171000330,US,local,"SMS,VOICE",true,true,true,2026-02-06T07:17:26.403Z,2026-04-14T20:25:20.531Z
PNeaffc633e67864c3,ACcb44e59a6e8bf77b6329094c5a4db011,Local 212-0331,+12121000331,US,local,"SMS,VOICE",true,true,true,2025-04-11T07:48:22.771Z,2026-04-14T20:25:20.531Z
PN219aa21b8508d7e5,ACcb44e59a6e8bf77b6329094c5a4db011,Local 213-0332,+12131000332,US,local,"SMS,VOICE",true,true,true,2025-12-06T04:35:39.806Z,2026-04-14T20:25:20.531Z
PNc4b305c621ed0130,ACcb44e59a6e8bf77b6329094c5a4db011,Local 312-0333,+13121000333,US,local,"SMS,VOICE",true,true,true,2026-04-13T03:13:18.370Z,2026-04-14T20:25:20.531Z
PN0c916778713d348f,ACcb44e59a6e8bf77b6329094c5a4db011,Local 415-0334,+14151000334,US,local,"SMS,VOICE",true,true,true,2026-03-22T22:25:38.153Z,2026-04-14T20:25:20.531Z
PN58b1176822850368,ACcb44e59a6e8bf77b6329094c5a4db011,Local 503-0335,+15031000335,US,local,"SMS,VOICE",true,true,true,2024-10-02T03:35:34.354Z,2026-04-14T20:25:20.531Z
PNe42a55ecf9be63c5,ACcb44e59a6e8bf77b6329094c5a4db011,Local 305-0336,+13051000336,US,local,"SMS,VOICE",true,true,true,2023-10-26T15:29:37.716Z,2026-04-14T20:25:20.531Z
PNa0c556ebf1ae6c3f,ACcb44e59a6e8bf77b6329094c5a4db011,Local 617-0337,+16171000337,US,local,"SMS,VOICE",true,true,true,2023-09-04T08:08:26.717Z,2026-04-14T20:25:20.531Z
PNd53f532660ae7db7,ACcb44e59a6e8bf77b6329094c5a4db011,Local 702-0338,+17021000338,US,local,"SMS,VOICE",true,true,true,2024-01-19T09:39:16.939Z,2026-04-14T20:25:20.531Z
PN6ee8a79834b5500a,ACcb44e59a6e8bf77b6329094c5a4db011,Local 314-0339,+13141000339,US,local,"SMS,VOICE",true,true,true,2023-07-23T04:17:44.792Z,2026-04-14T20:25:20.531Z
PN9ac529bea4620b93,ACcb44e59a6e8bf77b6329094c5a4db011,Local 404-0340,+14041000340,US,local,"SMS,VOICE",true,true,true,2024-10-13T05:17:33.509Z,2026-04-14T20:25:20.531Z
PN52af11cd9a7470e8,ACcb44e59a6e8bf77b6329094c5a4db011,Local 512-0341,+15121000341,US,local,"SMS,VOICE",true,true,true,2023-08-07T20:40:10.616Z,2026-04-14T20:25:20.531Z
PN3b532933536013c5,ACcb44e59a6e8bf77b6329094c5a4db011,Local 646-0342,+16461000342,US,local,"SMS,VOICE",true,true,true,2025-09-01T00:01:42.641Z,2026-04-14T20:25:20.531Z
PNcf94c1339ad4c1b3,ACcb44e59a6e8bf77b6329094c5a4db011,Local 206-0343,+12061000343,US,local,"SMS,VOICE",true,true,true,2025-07-08T02:26:42.198Z,2026-04-14T20:25:20.531Z
PN2908e0bdbecd4f1c,ACcb44e59a6e8bf77b6329094c5a4db011,Local 614-0344,+16141000344,US,local,"SMS,VOICE",true,true,true,2024-05-24T07:22:08.256Z,2026-04-14T20:25:20.531Z
PN9015cf65bad853f3,ACcb44e59a6e8bf77b6329094c5a4db011,Local 917-0345,+19171000345,US,local,"SMS,VOICE",true,true,true,2025-01-01T21:49:27.765Z,2026-04-14T20:25:20.531Z
PNd9718baed98210e5,ACcb44e59a6e8bf77b6329094c5a4db011,Local 212-0346,+12121000346,US,local,"SMS,VOICE",true,true,true,2025-09-15T17:19:48.732Z,2026-04-14T20:25:20.531Z
PNad1d81c1b00bdf33,ACcb44e59a6e8bf77b6329094c5a4db011,Local 213-0347,+12131000347,US,local,"SMS,VOICE",true,true,true,2025-09-27T10:10:02.262Z,2026-04-14T20:25:20.531Z
PN0b3efc45bd86e649,ACcb44e59a6e8bf77b6329094c5a4db011,Local 312-0348,+13121000348,US,local,"SMS,VOICE",true,true,true,2023-09-02T06:37:10.752Z,2026-04-14T20:25:20.531Z
PNc97fc9f4505c0e27,ACcb44e59a6e8bf77b6329094c5a4db011,Local 415-0349,+14151000349,US,local,"SMS,VOICE",true,true,true,2024-02-16T22:31:29.750Z,2026-04-14T20:25:20.531Z
PN5e68e2e7f50a0439,ACcb44e59a6e8bf77b6329094c5a4db011,Local 503-0350,+15031000350,US,local,"SMS,VOICE",true,true,true,2024-09-19T05:24:51.763Z,2026-04-14T20:25:20.531Z
PNe9963a1d8320e425,ACcb44e59a6e8bf77b6329094c5a4db011,Local 305-0351,+13051000351,US,local,"SMS,VOICE",true,true,true,2024-10-21T19:40:42.155Z,2026-04-14T20:25:20.531Z
PN9fd62013f64b5990,ACcb44e59a6e8bf77b6329094c5a4db011,Local 617-0352,+16171000352,US,local,"SMS,VOICE",true,true,true,2024-05-31T10:52:13.081Z,2026-04-14T20:25:20.531Z
PNf669f5ff5edf4936,ACcb44e59a6e8bf77b6329094c5a4db011,Local 702-0353,+17021000353,US,local,"SMS,VOICE",true,true,true,2023-12-23T18:06:47.321Z,2026-04-14T20:25:20.531Z
PN681af56c20e4ef72,ACcb44e59a6e8bf77b6329094c5a4db011,Local 314-0354,+13141000354,US,local,"SMS,VOICE",true,true,true,2023-05-26T23:48:47.180Z,2026-04-14T20:25:20.531Z
PNbfd28e3854b7f348,ACcb44e59a6e8bf77b6329094c5a4db011,Local 404-0355,+14041000355,US,local,"SMS,VOICE",true,true,true,2025-06-27T04:59:56.359Z,2026-04-14T20:25:20.531Z
PNcde18863c9024204,ACcb44e59a6e8bf77b6329094c5a4db011,Local 512-0356,+15121000356,US,local,"SMS,VOICE",true,true,true,2025-05-30T15:18:40.788Z,2026-04-14T20:25:20.531Z
PN9e7e546432435209,ACcb44e59a6e8bf77b6329094c5a4db011,Local 646-0357,+16461000357,US,local,"SMS,VOICE",true,true,true,2025-01-19T13:41:20.908Z,2026-04-14T20:25:20.531Z
PN4b6d2bc716078ca7,ACcb44e59a6e8bf77b6329094c5a4db011,Local 206-0358,+12061000358,US,local,"SMS,VOICE",true,true,true,2023-12-21T04:57:29.251Z,2026-04-14T20:25:20.531Z
PNa196e692c00cd2e5,ACcb44e59a6e8bf77b6329094c5a4db011,Local 614-0359,+16141000359,US,local,"SMS,VOICE",true,true,true,2025-02-15T17:19:59.782Z,2026-04-14T20:25:20.531Z
PNa35d81b8efb9cbc0,ACcb44e59a6e8bf77b6329094c5a4db011,Local 917-0360,+19171000360,US,local,"SMS,VOICE",true,true,true,2025-05-15T10:50:21.212Z,2026-04-14T20:25:20.531Z
PN31500d0425a99fc8,ACcb44e59a6e8bf77b6329094c5a4db011,Local 212-0361,+12121000361,US,local,"SMS,VOICE",true,true,true,2023-07-04T00:49:57.175Z,2026-04-14T20:25:20.531Z
PN00304d0e13e1640a,ACcb44e59a6e8bf77b6329094c5a4db011,Local 213-0362,+12131000362,US,local,"SMS,VOICE",true,true,true,2024-12-12T07:04:45.110Z,2026-04-14T20:25:20.531Z
PNf4fdf6a3f0e1e727,ACcb44e59a6e8bf77b6329094c5a4db011,Local 312-0363,+13121000363,US,local,"SMS,VOICE",true,true,true,2025-05-31T12:29:11.397Z,2026-04-14T20:25:20.531Z
PN3556efa10e814369,ACcb44e59a6e8bf77b6329094c5a4db011,Local 415-0364,+14151000364,US,local,"SMS,VOICE",true,true,true,2024-12-10T20:35:07.302Z,2026-04-14T20:25:20.531Z
PN70ce2c05c356c591,ACcb44e59a6e8bf77b6329094c5a4db011,Local 503-0365,+15031000365,US,local,"SMS,VOICE",true,true,true,2025-08-17T22:10:36.408Z,2026-04-14T20:25:20.531Z
PN50d3934c4e7e804d,ACcb44e59a6e8bf77b6329094c5a4db011,Local 305-0366,+13051000366,US,local,"SMS,VOICE",true,true,true,2024-08-30T23:11:09.515Z,2026-04-14T20:25:20.531Z
PN937e4fb1eb93d9b4,ACcb44e59a6e8bf77b6329094c5a4db011,Local 617-0367,+16171000367,US,local,"SMS,VOICE",true,true,true,2024-04-05T14:08:01.632Z,2026-04-14T20:25:20.531Z
PN24e89470e2641b8b,ACcb44e59a6e8bf77b6329094c5a4db011,Local 702-0368,+17021000368,US,local,"SMS,VOICE",true,true,true,2024-10-31T02:26:25.453Z,2026-04-14T20:25:20.531Z
PN3b6245e2a6cf087f,ACcb44e59a6e8bf77b6329094c5a4db011,Local 314-0369,+13141000369,US,local,"SMS,VOICE",true,true,true,2024-03-23T22:32:59.298Z,2026-04-14T20:25:20.531Z
PNaeb671d66453bd79,ACcb44e59a6e8bf77b6329094c5a4db011,Local 404-0370,+14041000370,US,local,"SMS,VOICE",true,true,true,2025-10-29T02:40:46.981Z,2026-04-14T20:25:20.531Z
PN2a1670bd8bd64123,ACcb44e59a6e8bf77b6329094c5a4db011,Local 512-0371,+15121000371,US,local,"SMS,VOICE",true,true,true,2025-06-19T06:55:01.875Z,2026-04-14T20:25:20.531Z
PN1dbe4ae94497598a,ACcb44e59a6e8bf77b6329094c5a4db011,Local 646-0372,+16461000372,US,local,"SMS,VOICE",true,true,true,2024-05-22T17:03:39.853Z,2026-04-14T20:25:20.531Z
PNf7a32a1f563c3372,ACcb44e59a6e8bf77b6329094c5a4db011,Local 206-0373,+12061000373,US,local,"SMS,VOICE",true,true,true,2023-05-11T12:00:53.619Z,2026-04-14T20:25:20.531Z
PNbad7d41d69e9a3c0,ACcb44e59a6e8bf77b6329094c5a4db011,Local 614-0374,+16141000374,US,local,"SMS,VOICE",true,true,true,2024-06-20T08:00:36.740Z,2026-04-14T20:25:20.531Z
PNb5b0dc6bcfeada7e,ACcb44e59a6e8bf77b6329094c5a4db011,Local 917-0375,+19171000375,US,local,"SMS,VOICE",true,true,true,2025-12-05T15:03:24.453Z,2026-04-14T20:25:20.531Z
PN8e9a83a9833f7edf,ACcb44e59a6e8bf77b6329094c5a4db011,Local 212-0376,+12121000376,US,local,"SMS,VOICE",true,true,true,2026-01-25T17:32:49.232Z,2026-04-14T20:25:20.531Z
PNf0313bbca365b751,ACcb44e59a6e8bf77b6329094c5a4db011,Local 213-0377,+12131000377,US,local,"SMS,VOICE",true,true,true,2026-03-04T03:01:40.151Z,2026-04-14T20:25:20.531Z
PN48bbf75de04e5c4e,ACcb44e59a6e8bf77b6329094c5a4db011,Local 312-0378,+13121000378,US,local,"SMS,VOICE",true,true,true,2023-05-17T06:02:29.049Z,2026-04-14T20:25:20.531Z
PN697c60c1dcc45223,ACcb44e59a6e8bf77b6329094c5a4db011,Local 415-0379,+14151000379,US,local,"SMS,VOICE",true,true,true,2025-08-04T08:03:59.541Z,2026-04-14T20:25:20.531Z
PN73ca6ceabdb0a678,ACcb44e59a6e8bf77b6329094c5a4db011,Local 503-0380,+15031000380,US,local,"SMS,VOICE",true,true,true,2025-10-09T10:02:49.067Z,2026-04-14T20:25:20.531Z
PN894b82b463708ef5,ACcb44e59a6e8bf77b6329094c5a4db011,Local 305-0381,+13051000381,US,local,"SMS,VOICE",true,true,true,2024-04-10T02:07:23.923Z,2026-04-14T20:25:20.531Z
PN3caf3d0e0fa0d304,ACcb44e59a6e8bf77b6329094c5a4db011,Local 617-0382,+16171000382,US,local,"SMS,VOICE",true,true,true,2024-11-17T15:39:31.235Z,2026-04-14T20:25:20.531Z
PN6c9198cb2ceb77bd,ACcb44e59a6e8bf77b6329094c5a4db011,Local 702-0383,+17021000383,US,local,"SMS,VOICE",true,true,true,2024-05-30T19:51:29.607Z,2026-04-14T20:25:20.531Z
PNa9fa71fcd5542bca,ACcb44e59a6e8bf77b6329094c5a4db011,Local 314-0384,+13141000384,US,local,"SMS,VOICE",true,true,true,2024-08-06T10:34:25.773Z,2026-04-14T20:25:20.531Z
PN603456497a25955b,ACcb44e59a6e8bf77b6329094c5a4db011,Local 404-0385,+14041000385,US,local,"SMS,VOICE",true,true,true,2025-07-30T23:47:32.863Z,2026-04-14T20:25:20.531Z
PNd4f4104da798739e,ACcb44e59a6e8bf77b6329094c5a4db011,Local 512-0386,+15121000386,US,local,"SMS,VOICE",true,true,true,2025-09-25T13:36:54.920Z,2026-04-14T20:25:20.531Z
PN1319e89d930527d6,ACcb44e59a6e8bf77b6329094c5a4db011,Local 646-0387,+16461000387,US,local,"SMS,VOICE",true,true,true,2024-11-11T07:48:11.594Z,2026-04-14T20:25:20.531Z
PNc2d1929117f102b6,ACcb44e59a6e8bf77b6329094c5a4db011,Local 206-0388,+12061000388,US,local,"SMS,VOICE",true,true,true,2023-06-14T14:38:50.430Z,2026-04-14T20:25:20.531Z
PNf54cc7cdd493365f,ACcb44e59a6e8bf77b6329094c5a4db011,Local 614-0389,+16141000389,US,local,"SMS,VOICE",true,true,true,2024-04-11T10:22:05.510Z,2026-04-14T20:25:20.531Z
PN6fdd8d061a630423,ACcb44e59a6e8bf77b6329094c5a4db011,Local 917-0390,+19171000390,US,local,"SMS,VOICE",true,true,true,2025-02-03T16:15:14.665Z,2026-04-14T20:25:20.531Z
PNdfebd74b2f0590c8,ACcb44e59a6e8bf77b6329094c5a4db011,Local 212-0391,+12121000391,US,local,"SMS,VOICE",true,true,true,2026-03-10T15:12:36.456Z,2026-04-14T20:25:20.531Z
PN474b4f984adc980a,ACcb44e59a6e8bf77b6329094c5a4db011,Local 213-0392,+12131000392,US,local,"SMS,VOICE",true,true,true,2025-08-16T08:48:49.418Z,2026-04-14T20:25:20.531Z
PN977235d0be02cfd5,ACcb44e59a6e8bf77b6329094c5a4db011,Local 312-0393,+13121000393,US,local,"SMS,VOICE",true,true,true,2024-05-08T09:46:01.824Z,2026-04-14T20:25:20.531Z
PN233bc83562f4e6a0,ACcb44e59a6e8bf77b6329094c5a4db011,Local 415-0394,+14151000394,US,local,"SMS,VOICE",true,true,true,2024-02-12T21:51:10.166Z,2026-04-14T20:25:20.531Z
PNc5e911cbf77f8e6f,ACcb44e59a6e8bf77b6329094c5a4db011,Local 503-0395,+15031000395,US,local,"SMS,VOICE",true,true,true,2024-02-26T08:24:56.693Z,2026-04-14T20:25:20.531Z
PNfd2febd218e9e15f,ACcb44e59a6e8bf77b6329094c5a4db011,Local 305-0396,+13051000396,US,local,"SMS,VOICE",true,true,true,2023-12-22T09:43:15.204Z,2026-04-14T20:25:20.531Z
PN25fa3185011ce19a,ACcb44e59a6e8bf77b6329094c5a4db011,Local 617-0397,+16171000397,US,local,"SMS,VOICE",true,true,true,2025-08-25T20:23:06.424Z,2026-04-14T20:25:20.531Z
PNe291682ca3f33000,ACcb44e59a6e8bf77b6329094c5a4db011,Local 702-0398,+17021000398,US,local,"SMS,VOICE",true,true,true,2023-09-21T03:57:56.290Z,2026-04-14T20:25:20.531Z
PNac317aaf2036e50c,ACcb44e59a6e8bf77b6329094c5a4db011,Local 314-0399,+13141000399,US,local,"SMS,VOICE",true,true,true,2024-08-27T12:52:42.538Z,2026-04-14T20:25:20.531Z
PNda0f772b90da6db7,ACcb44e59a6e8bf77b6329094c5a4db011,Local 404-0400,+14041000400,US,local,"SMS,VOICE",true,true,true,2025-07-17T22:57:27.803Z,2026-04-14T20:25:20.531Z
PN9d84f34014beb841,ACcb44e59a6e8bf77b6329094c5a4db011,Local 512-0401,+15121000401,US,local,"SMS,VOICE",true,true,true,2025-02-12T19:16:48.584Z,2026-04-14T20:25:20.531Z
PN145175bd089a8ca4,ACcb44e59a6e8bf77b6329094c5a4db011,Local 646-0402,+16461000402,US,local,"SMS,VOICE",true,true,true,2024-05-13T05:53:36.001Z,2026-04-14T20:25:20.531Z
PN2707da1b9dfc6b80,ACcb44e59a6e8bf77b6329094c5a4db011,Local 206-0403,+12061000403,US,local,"SMS,VOICE",true,true,true,2024-03-10T13:30:39.768Z,2026-04-14T20:25:20.531Z
PN96a38c8c9b2991a6,ACcb44e59a6e8bf77b6329094c5a4db011,Local 614-0404,+16141000404,US,local,"SMS,VOICE",true,true,true,2024-03-31T07:33:23.638Z,2026-04-14T20:25:20.531Z
PN7c1a6938f728e99d,ACcb44e59a6e8bf77b6329094c5a4db011,Local 917-0405,+19171000405,US,local,"SMS,VOICE",true,true,true,2023-06-27T17:18:58.481Z,2026-04-14T20:25:20.531Z
PNc5b6628e94f7a3d4,ACcb44e59a6e8bf77b6329094c5a4db011,Local 212-0406,+12121000406,US,local,"SMS,VOICE",true,true,true,2025-08-27T22:07:04.986Z,2026-04-14T20:25:20.531Z
PNf1dc9da404ff034c,ACcb44e59a6e8bf77b6329094c5a4db011,Local 213-0407,+12131000407,US,local,"SMS,VOICE",true,true,true,2025-05-27T01:46:38.003Z,2026-04-14T20:25:20.531Z
PNfcbf09959d4f5cc7,ACcb44e59a6e8bf77b6329094c5a4db011,Local 312-0408,+13121000408,US,local,"SMS,VOICE",true,true,true,2025-08-08T05:43:03.223Z,2026-04-14T20:25:20.531Z
PN24c3e8d7058b51ff,ACcb44e59a6e8bf77b6329094c5a4db011,Local 415-0409,+14151000409,US,local,"SMS,VOICE",true,true,true,2023-06-21T14:09:00.959Z,2026-04-14T20:25:20.531Z
PNca5296ea8d183883,ACcb44e59a6e8bf77b6329094c5a4db011,Local 503-0410,+15031000410,US,local,"SMS,VOICE",true,true,true,2024-03-13T06:26:08.068Z,2026-04-14T20:25:20.531Z
PNd09192c5ee8f24cb,ACcb44e59a6e8bf77b6329094c5a4db011,Local 305-0411,+13051000411,US,local,"SMS,VOICE",true,true,true,2023-05-30T03:23:54.689Z,2026-04-14T20:25:20.531Z
PNb3dcfc88f8592054,ACcb44e59a6e8bf77b6329094c5a4db011,Local 617-0412,+16171000412,US,local,"SMS,VOICE",true,true,true,2023-07-12T19:11:54.766Z,2026-04-14T20:25:20.531Z
PNa74658764c52dcbb,ACcb44e59a6e8bf77b6329094c5a4db011,Local 702-0413,+17021000413,US,local,"SMS,VOICE",true,true,true,2025-02-12T03:33:27.537Z,2026-04-14T20:25:20.531Z
PNea3ed806049a1804,ACcb44e59a6e8bf77b6329094c5a4db011,Local 314-0414,+13141000414,US,local,"SMS,VOICE",true,true,true,2024-10-07T06:37:46.823Z,2026-04-14T20:25:20.531Z
PNd19327287ac9ecc9,ACcb44e59a6e8bf77b6329094c5a4db011,Local 404-0415,+14041000415,US,local,"SMS,VOICE",true,true,true,2025-05-07T15:29:05.008Z,2026-04-14T20:25:20.531Z
PN649e7c4aed5fb821,ACcb44e59a6e8bf77b6329094c5a4db011,Local 512-0416,+15121000416,US,local,"SMS,VOICE",true,true,true,2026-01-14T22:43:05.860Z,2026-04-14T20:25:20.531Z
PNe5d5cf01d5796584,ACcb44e59a6e8bf77b6329094c5a4db011,Local 646-0417,+16461000417,US,local,"SMS,VOICE",true,true,true,2025-07-24T18:27:00.296Z,2026-04-14T20:25:20.531Z
PNec2742f47b2a2a84,ACcb44e59a6e8bf77b6329094c5a4db011,Local 206-0418,+12061000418,US,local,"SMS,VOICE",true,true,true,2024-12-08T16:00:36.607Z,2026-04-14T20:25:20.531Z
PNd1d66088cb1b9175,ACcb44e59a6e8bf77b6329094c5a4db011,Local 614-0419,+16141000419,US,local,"SMS,VOICE",true,true,true,2025-07-25T18:51:39.905Z,2026-04-14T20:25:20.531Z
PNe203d5329d0dc0ba,ACcb44e59a6e8bf77b6329094c5a4db011,Local 917-0420,+19171000420,US,local,"SMS,VOICE",true,true,true,2024-01-02T05:26:53.158Z,2026-04-14T20:25:20.531Z
PN9adedf2c1e3cbeef,ACcb44e59a6e8bf77b6329094c5a4db011,Local 212-0421,+12121000421,US,local,"SMS,VOICE",true,true,true,2026-03-22T14:34:59.130Z,2026-04-14T20:25:20.531Z
PNe1757f7c8c33267f,ACcb44e59a6e8bf77b6329094c5a4db011,Local 213-0422,+12131000422,US,local,"SMS,VOICE",true,true,true,2024-05-06T19:58:01.898Z,2026-04-14T20:25:20.531Z
PNd19477a83c3a3506,ACcb44e59a6e8bf77b6329094c5a4db011,Local 312-0423,+13121000423,US,local,"SMS,VOICE",true,true,true,2023-08-27T16:16:46.669Z,2026-04-14T20:25:20.531Z
PNf3118f66c1734fb1,ACcb44e59a6e8bf77b6329094c5a4db011,Local 415-0424,+14151000424,US,local,"SMS,VOICE",true,true,true,2025-08-04T10:28:47.071Z,2026-04-14T20:25:20.531Z
PNe2482aa253236f84,ACcb44e59a6e8bf77b6329094c5a4db011,Local 503-0425,+15031000425,US,local,"SMS,VOICE",true,true,true,2024-02-22T11:24:33.576Z,2026-04-14T20:25:20.531Z
PN0e513e7d08559cc8,ACcb44e59a6e8bf77b6329094c5a4db011,Local 305-0426,+13051000426,US,local,"SMS,VOICE",true,true,true,2025-12-28T08:18:52.107Z,2026-04-14T20:25:20.531Z
PNa75c02207e1a002e,ACcb44e59a6e8bf77b6329094c5a4db011,Local 617-0427,+16171000427,US,local,"SMS,VOICE",true,true,true,2024-02-11T02:08:49.283Z,2026-04-14T20:25:20.531Z
PN276024d11ebacbf7,ACcb44e59a6e8bf77b6329094c5a4db011,Local 702-0428,+17021000428,US,local,"SMS,VOICE",true,true,true,2024-08-17T03:13:29.157Z,2026-04-14T20:25:20.531Z
PNf66b13d7a6208972,ACcb44e59a6e8bf77b6329094c5a4db011,Local 314-0429,+13141000429,US,local,"SMS,VOICE",true,true,true,2025-05-29T05:46:22.261Z,2026-04-14T20:25:20.531Z
PN7bb872733fdc9286,ACcb44e59a6e8bf77b6329094c5a4db011,Local 404-0430,+14041000430,US,local,"SMS,VOICE",true,true,true,2023-08-17T22:07:02.343Z,2026-04-14T20:25:20.531Z
PNa1dab553389020f5,ACcb44e59a6e8bf77b6329094c5a4db011,Local 512-0431,+15121000431,US,local,"SMS,VOICE",true,true,true,2025-12-06T21:32:52.299Z,2026-04-14T20:25:20.531Z
PN5933d8ff40cc8e9a,ACcb44e59a6e8bf77b6329094c5a4db011,Local 646-0432,+16461000432,US,local,"SMS,VOICE",true,true,true,2024-02-05T22:17:02.865Z,2026-04-14T20:25:20.531Z
PN57c6a457e69038e1,ACcb44e59a6e8bf77b6329094c5a4db011,Local 206-0433,+12061000433,US,local,"SMS,VOICE",true,true,true,2024-11-09T23:26:57.050Z,2026-04-14T20:25:20.531Z
PN2366a3595e25e0ec,ACcb44e59a6e8bf77b6329094c5a4db011,Local 614-0434,+16141000434,US,local,"SMS,VOICE",true,true,true,2025-08-30T23:54:36.190Z,2026-04-14T20:25:20.531Z
PN39e74db68f55a965,ACcb44e59a6e8bf77b6329094c5a4db011,Local 917-0435,+19171000435,US,local,"SMS,VOICE",true,true,true,2025-03-02T05:37:47.891Z,2026-04-14T20:25:20.531Z
PN89d92536b59121b1,ACcb44e59a6e8bf77b6329094c5a4db011,Local 212-0436,+12121000436,US,local,"SMS,VOICE",true,true,true,2024-04-02T03:22:41.809Z,2026-04-14T20:25:20.531Z
PN404b1abea373c8a4,ACcb44e59a6e8bf77b6329094c5a4db011,Local 213-0437,+12131000437,US,local,"SMS,VOICE",true,true,true,2025-11-30T11:29:49.271Z,2026-04-14T20:25:20.531Z
PN25218119022a0c6a,ACcb44e59a6e8bf77b6329094c5a4db011,Local 312-0438,+13121000438,US,local,"SMS,VOICE",true,true,true,2025-05-12T04:38:48.946Z,2026-04-14T20:25:20.531Z
PNfddcab6b761d4e5b,ACcb44e59a6e8bf77b6329094c5a4db011,Local 415-0439,+14151000439,US,local,"SMS,VOICE",true,true,true,2024-07-04T07:43:00.750Z,2026-04-14T20:25:20.531Z
PN594f79d46901502e,ACcb44e59a6e8bf77b6329094c5a4db011,Local 503-0440,+15031000440,US,local,"SMS,VOICE",true,true,true,2023-10-05T23:42:24.287Z,2026-04-14T20:25:20.531Z
PN2ac571703fd8524c,ACcb44e59a6e8bf77b6329094c5a4db011,Local 305-0441,+13051000441,US,local,"SMS,VOICE",true,true,true,2024-09-01T04:36:44.275Z,2026-04-14T20:25:20.531Z
PN321fbc6af7242cdc,ACcb44e59a6e8bf77b6329094c5a4db011,Local 617-0442,+16171000442,US,local,"SMS,VOICE",true,true,true,2024-09-06T00:31:58.499Z,2026-04-14T20:25:20.531Z
PN094f736cd572a5a7,ACcb44e59a6e8bf77b6329094c5a4db011,Local 702-0443,+17021000443,US,local,"SMS,VOICE",true,true,true,2024-02-19T00:15:59.517Z,2026-04-14T20:25:20.531Z
PNdffd1dc9a182a6a6,ACcb44e59a6e8bf77b6329094c5a4db011,Local 314-0444,+13141000444,US,local,"SMS,VOICE",true,true,true,2025-06-09T00:10:15.895Z,2026-04-14T20:25:20.531Z
PNc5e1562364b4333a,ACcb44e59a6e8bf77b6329094c5a4db011,Local 404-0445,+14041000445,US,local,"SMS,VOICE",true,true,true,2025-09-06T04:17:02.604Z,2026-04-14T20:25:20.531Z
PN7cecf1c252785edc,ACcb44e59a6e8bf77b6329094c5a4db011,Local 512-0446,+15121000446,US,local,"SMS,VOICE",true,true,true,2024-12-13T17:11:52.975Z,2026-04-14T20:25:20.531Z
PN612a827e78e26be9,ACcb44e59a6e8bf77b6329094c5a4db011,Local 646-0447,+16461000447,US,local,"SMS,VOICE",true,true,true,2024-03-08T11:05:57.570Z,2026-04-14T20:25:20.531Z
PN471842611c520034,ACcb44e59a6e8bf77b6329094c5a4db011,Local 206-0448,+12061000448,US,local,"SMS,VOICE",true,true,true,2024-07-09T12:43:37.907Z,2026-04-14T20:25:20.531Z
PN6a2c58d501c42c98,ACcb44e59a6e8bf77b6329094c5a4db011,Local 614-0449,+16141000449,US,local,"SMS,VOICE",true,true,true,2025-11-18T05:23:03.903Z,2026-04-14T20:25:20.531Z
PN4f05f67eebef83a7,ACcb44e59a6e8bf77b6329094c5a4db011,Local 917-0450,+19171000450,US,local,"SMS,VOICE",true,true,true,2023-12-12T20:03:28.946Z,2026-04-14T20:25:20.531Z
PNdfd568a89f1663ba,ACcb44e59a6e8bf77b6329094c5a4db011,Local 212-0451,+12121000451,US,local,"SMS,VOICE",true,true,true,2024-12-26T22:22:21.243Z,2026-04-14T20:25:20.531Z
PN8a6ba89090e7c803,ACcb44e59a6e8bf77b6329094c5a4db011,Local 213-0452,+12131000452,US,local,"SMS,VOICE",true,true,true,2026-02-06T21:57:59.606Z,2026-04-14T20:25:20.531Z
PN00406807ebc0d5cb,ACcb44e59a6e8bf77b6329094c5a4db011,Local 312-0453,+13121000453,US,local,"SMS,VOICE",true,true,true,2026-02-03T11:13:00.850Z,2026-04-14T20:25:20.531Z
PN3249fb31cdbac765,ACcb44e59a6e8bf77b6329094c5a4db011,Local 415-0454,+14151000454,US,local,"SMS,VOICE",true,true,true,2026-02-07T01:03:37.771Z,2026-04-14T20:25:20.531Z
PN260152f0d51d1b98,ACcb44e59a6e8bf77b6329094c5a4db011,Local 503-0455,+15031000455,US,local,"SMS,VOICE",true,true,true,2024-02-13T18:34:29.390Z,2026-04-14T20:25:20.531Z
PN5bf784344e963c77,ACcb44e59a6e8bf77b6329094c5a4db011,Local 305-0456,+13051000456,US,local,"SMS,VOICE",true,true,true,2023-12-13T09:15:23.919Z,2026-04-14T20:25:20.531Z
PNdded327b07721d78,ACcb44e59a6e8bf77b6329094c5a4db011,Local 617-0457,+16171000457,US,local,"SMS,VOICE",true,true,true,2024-02-28T04:42:37.043Z,2026-04-14T20:25:20.531Z
PN030e4c40ff0a0d0a,ACcb44e59a6e8bf77b6329094c5a4db011,Local 702-0458,+17021000458,US,local,"SMS,VOICE",true,true,true,2024-03-07T20:08:49.041Z,2026-04-14T20:25:20.531Z
PN60c5a0397c4a20bd,ACcb44e59a6e8bf77b6329094c5a4db011,Local 314-0459,+13141000459,US,local,"SMS,VOICE",true,true,true,2025-02-17T18:08:15.497Z,2026-04-14T20:25:20.531Z
PN68306ba3da40a2f1,ACcb44e59a6e8bf77b6329094c5a4db011,Local 404-0460,+14041000460,US,local,"SMS,VOICE",true,true,true,2025-11-06T02:00:15.042Z,2026-04-14T20:25:20.531Z
PN2f6e19684e3ed0d3,ACcb44e59a6e8bf77b6329094c5a4db011,Local 512-0461,+15121000461,US,local,"SMS,VOICE",true,true,true,2025-01-12T17:56:48.261Z,2026-04-14T20:25:20.531Z
PN9950ea243d519952,ACcb44e59a6e8bf77b6329094c5a4db011,Local 646-0462,+16461000462,US,local,"SMS,VOICE",true,true,true,2026-01-17T21:13:14.021Z,2026-04-14T20:25:20.531Z
PN09b92a25794803b2,ACcb44e59a6e8bf77b6329094c5a4db011,Local 206-0463,+12061000463,US,local,"SMS,VOICE",true,true,true,2025-07-05T11:11:51.253Z,2026-04-14T20:25:20.531Z
PNab7152dd9a395d63,ACcb44e59a6e8bf77b6329094c5a4db011,Local 614-0464,+16141000464,US,local,"SMS,VOICE",true,true,true,2024-03-24T20:38:04.877Z,2026-04-14T20:25:20.531Z
PN8cc7d2c9720f5b2b,ACcb44e59a6e8bf77b6329094c5a4db011,Local 917-0465,+19171000465,US,local,"SMS,VOICE",true,true,true,2024-10-09T05:00:24.195Z,2026-04-14T20:25:20.531Z
PNfe80fc147f894d13,ACcb44e59a6e8bf77b6329094c5a4db011,Local 212-0466,+12121000466,US,local,"SMS,VOICE",true,true,true,2025-08-20T07:13:19.220Z,2026-04-14T20:25:20.531Z
PNa15f6ef219ef6a1a,ACcb44e59a6e8bf77b6329094c5a4db011,Local 213-0467,+12131000467,US,local,"SMS,VOICE",true,true,true,2023-10-12T15:31:25.468Z,2026-04-14T20:25:20.531Z
PN56d3c3b0642487a0,ACcb44e59a6e8bf77b6329094c5a4db011,Local 312-0468,+13121000468,US,local,"SMS,VOICE",true,true,true,2024-12-28T13:44:22.499Z,2026-04-14T20:25:20.531Z
PN4e1226af7a24c78b,ACcb44e59a6e8bf77b6329094c5a4db011,Local 415-0469,+14151000469,US,local,"SMS,VOICE",true,true,true,2025-05-08T00:58:23.621Z,2026-04-14T20:25:20.531Z
PN97831e0ac3f15e6c,ACcb44e59a6e8bf77b6329094c5a4db011,Local 503-0470,+15031000470,US,local,"SMS,VOICE",true,true,true,2023-08-14T22:16:13.573Z,2026-04-14T20:25:20.531Z
PN567d9cf064aa76ea,ACcb44e59a6e8bf77b6329094c5a4db011,Local 305-0471,+13051000471,US,local,"SMS,VOICE",true,true,true,2025-01-01T11:46:13.907Z,2026-04-14T20:25:20.531Z
PN017b245735472089,ACcb44e59a6e8bf77b6329094c5a4db011,Local 617-0472,+16171000472,US,local,"SMS,VOICE",true,true,true,2026-04-10T17:46:05.244Z,2026-04-14T20:25:20.531Z
PNe92a84f3a494a0bf,ACcb44e59a6e8bf77b6329094c5a4db011,Local 702-0473,+17021000473,US,local,"SMS,VOICE",true,true,true,2025-01-08T09:18:50.988Z,2026-04-14T20:25:20.531Z
PNc0545110c5d66b79,ACcb44e59a6e8bf77b6329094c5a4db011,Local 314-0474,+13141000474,US,local,"SMS,VOICE",true,true,true,2025-04-30T23:56:05.259Z,2026-04-14T20:25:20.531Z
PN51a601f8976b8f67,ACcb44e59a6e8bf77b6329094c5a4db011,Local 404-0475,+14041000475,US,local,"SMS,VOICE",true,true,true,2023-10-14T12:41:16.397Z,2026-04-14T20:25:20.531Z
PN5bb8a48f96c0d59e,ACcb44e59a6e8bf77b6329094c5a4db011,Local 512-0476,+15121000476,US,local,"SMS,VOICE",true,true,true,2025-03-02T00:33:19.737Z,2026-04-14T20:25:20.531Z
PN80b7db67ee8b7881,ACcb44e59a6e8bf77b6329094c5a4db011,Local 646-0477,+16461000477,US,local,"SMS,VOICE",true,true,true,2024-02-29T18:19:39.977Z,2026-04-14T20:25:20.531Z
PN6b967cf43567ecf0,ACcb44e59a6e8bf77b6329094c5a4db011,Local 206-0478,+12061000478,US,local,"SMS,VOICE",true,true,true,2025-09-13T14:05:24.760Z,2026-04-14T20:25:20.531Z
PN92deaf26096653fb,ACcb44e59a6e8bf77b6329094c5a4db011,Local 614-0479,+16141000479,US,local,"SMS,VOICE",true,true,true,2023-06-12T06:03:35.189Z,2026-04-14T20:25:20.531Z
PNbffa2153354306bd,ACcb44e59a6e8bf77b6329094c5a4db011,Local 917-0480,+19171000480,US,local,"SMS,VOICE",true,true,true,2025-06-14T04:29:14.959Z,2026-04-14T20:25:20.531Z
PN46a986d11452d0d5,ACcb44e59a6e8bf77b6329094c5a4db011,Local 212-0481,+12121000481,US,local,"SMS,VOICE",true,true,true,2024-08-24T23:57:29.414Z,2026-04-14T20:25:20.531Z
PN1b9e8818a42f74b0,ACcb44e59a6e8bf77b6329094c5a4db011,Local 213-0482,+12131000482,US,local,"SMS,VOICE",true,true,true,2025-09-16T22:08:56.429Z,2026-04-14T20:25:20.531Z
PN871a4cf413f52392,ACcb44e59a6e8bf77b6329094c5a4db011,Local 312-0483,+13121000483,US,local,"SMS,VOICE",true,true,true,2025-06-21T02:39:36.589Z,2026-04-14T20:25:20.531Z
PN71c8491fbe2d2497,ACcb44e59a6e8bf77b6329094c5a4db011,Local 415-0484,+14151000484,US,local,"SMS,VOICE",true,true,true,2023-09-11T08:51:07.860Z,2026-04-14T20:25:20.531Z
PN048f6ef9b7f98494,ACcb44e59a6e8bf77b6329094c5a4db011,Local 503-0485,+15031000485,US,local,"SMS,VOICE",true,true,true,2025-08-12T12:27:14.875Z,2026-04-14T20:25:20.531Z
PNa4dbd50c37780336,ACcb44e59a6e8bf77b6329094c5a4db011,Local 305-0486,+13051000486,US,local,"SMS,VOICE",true,true,true,2024-06-09T05:24:40.379Z,2026-04-14T20:25:20.531Z
PN8a72d1db27b9a95d,ACcb44e59a6e8bf77b6329094c5a4db011,Local 617-0487,+16171000487,US,local,"SMS,VOICE",true,true,true,2026-03-12T15:02:44.143Z,2026-04-14T20:25:20.531Z
PN1f65b43e7f2e772d,ACcb44e59a6e8bf77b6329094c5a4db011,Local 702-0488,+17021000488,US,local,"SMS,VOICE",true,true,true,2025-09-20T06:48:27.430Z,2026-04-14T20:25:20.531Z
PNe310e9af923bdd63,ACcb44e59a6e8bf77b6329094c5a4db011,Local 314-0489,+13141000489,US,local,"SMS,VOICE",true,true,true,2025-11-28T04:16:04.865Z,2026-04-14T20:25:20.531Z
PN76f4c3a214a7df8e,ACcb44e59a6e8bf77b6329094c5a4db011,Local 404-0490,+14041000490,US,local,"SMS,VOICE",true,true,true,2025-09-22T03:12:48.655Z,2026-04-14T20:25:20.531Z
PN0823ad268a7c1f81,ACcb44e59a6e8bf77b6329094c5a4db011,Local 512-0491,+15121000491,US,local,"SMS,VOICE",true,true,true,2023-09-14T23:43:06.629Z,2026-04-14T20:25:20.531Z
PNddbeaa0fbc1de592,ACcb44e59a6e8bf77b6329094c5a4db011,Local 646-0492,+16461000492,US,local,"SMS,VOICE",true,true,true,2023-06-24T11:50:39.200Z,2026-04-14T20:25:20.531Z
PN19f09edcb7d4837f,ACcb44e59a6e8bf77b6329094c5a4db011,Local 206-0493,+12061000493,US,local,"SMS,VOICE",true,true,true,2023-04-26T15:09:11.483Z,2026-04-14T20:25:20.531Z
PN196fbc2b7be6f778,ACcb44e59a6e8bf77b6329094c5a4db011,Local 614-0494,+16141000494,US,local,"SMS,VOICE",true,true,true,2025-01-22T04:24:28.700Z,2026-04-14T20:25:20.531Z
PNade8505c07bfcdd3,ACcb44e59a6e8bf77b6329094c5a4db011,Local 917-0495,+19171000495,US,local,"SMS,VOICE",true,true,true,2023-12-01T16:37:07.785Z,2026-04-14T20:25:20.531Z
PN6eb4d1420de7d980,ACcb44e59a6e8bf77b6329094c5a4db011,Local 212-0496,+12121000496,US,local,"SMS,VOICE",true,true,true,2025-11-17T09:55:52.521Z,2026-04-14T20:25:20.531Z
PN4172c6635a1aad8b,ACcb44e59a6e8bf77b6329094c5a4db011,Local 213-0497,+12131000497,US,local,"SMS,VOICE",true,true,true,2025-01-15T22:12:39.861Z,2026-04-14T20:25:20.531Z
PN7f7702babb913432,ACcb44e59a6e8bf77b6329094c5a4db011,Local 312-0498,+13121000498,US,local,"SMS,VOICE",true,true,true,2025-01-27T15:03:24.779Z,2026-04-14T20:25:20.531Z
PNde5e655d7b0abf52,ACcb44e59a6e8bf77b6329094c5a4db011,Local 415-0499,+14151000499,US,local,"SMS,VOICE",true,true,true,2025-11-24T01:28:04.858Z,2026-04-14T20:25:20.531Z
PN20001e2b0b0b797f,ACcb44e59a6e8bf77b6329094c5a4db011,Local 503-0500,+15031000500,US,local,"SMS,VOICE",true,true,true,2025-09-11T11:29:35.873Z,2026-04-14T20:25:20.531Z
