account_sid,date,period,sent,delivered,failed,inbound,outbound,total_price,price_unit
ACcabbc8db28677d7319eb5d87ff2e7562,2025-05-28,daily,,1,,,,0.02,USD
ACcabbc8db28677d7319eb5d87ff2e7562,2024-01-29,daily,,,1,,,0.01,USD
ACcabbc8db28677d7319eb5d87ff2e7562,2024-12-24,daily,,1,1,,,0.02,USD
ACcabbc8db28677d7319eb5d87ff2e7562,2023-07-24,daily,,3,,,,0.05,USD
ACcabbc8db28677d7319eb5d87ff2e7562,2025-09-28,daily,,1,,,,0.01,USD
ACcabbc8db28677d7319eb5d87ff2e7562,2025-11-05,daily,1,,,,,0.02,USD
ACcabbc8db28677d7319eb5d87ff2e7562,2024-10-31,daily,,1,,,,0.01,USD
ACcabbc8db28677d7319eb5d87ff2e7562,2023-11-05,daily,1,,2,,,0.07,USD
ACcabbc8db28677d7319eb5d87ff2e7562,2023-07-19,daily,1,1,,,,0.03,USD
ACcabbc8db28677d7319eb5d87ff2e7562,2024-09-02,daily,1,4,,,,0.08,USD
ACcabbc8db28677d7319eb5d87ff2e7562,2024-02-23,daily,,2,,,,0.02,USD
ACcabbc8db28677d7319eb5d87ff2e7562,2025-07-05,daily,,1,,,,0.02,USD
ACcabbc8db28677d7319eb5d87ff2e7562,2024-02-20,daily,,2,1,,,0.04,USD
ACcabbc8db28677d7319eb5d87ff2e7562,2025-05-26,daily,,2,,,,0.03,USD
ACcabbc8db28677d7319eb5d87ff2e7562,2025-09-20,daily,,1,,,,0.01,USD
ACcabbc8db28677d7319eb5d87ff2e7562,2025-03-30,daily,1,2,,,,0.04,USD
ACcabbc8db28677d7319eb5d87ff2e7562,2024-12-30,daily,,1,1,,,0.04,USD
ACcabbc8db28677d7319eb5d87ff2e7562,2025-08-28,daily,1,,,,,0.01,USD
ACcabbc8db28677d7319eb5d87ff2e7562,2024-12-26,daily,,2,,,,0.04,USD
ACcabbc8db28677d7319eb5d87ff2e7562,2024-03-27,daily,,,1,,,0.01,USD
ACcabbc8db28677d7319eb5d87ff2e7562,2025-08-31,daily,1,5,,,,0.08,USD
ACcabbc8db28677d7319eb5d87ff2e7562,2025-03-14,daily,,1,,,,0.02,USD
ACcabbc8db28677d7319eb5d87ff2e7562,2023-11-08,daily,1,1,,,,0.02,USD
ACcabbc8db28677d7319eb5d87ff2e7562,2025-06-06,daily,,2,1,,,0.06,USD
ACcabbc8db28677d7319eb5d87ff2e7562,2023-06-03,daily,,2,,,,0.02,USD
ACcabbc8db28677d7319eb5d87ff2e7562,2024-11-13,daily,1,,1,,,0.03,USD
ACcabbc8db28677d7319eb5d87ff2e7562,2026-03-29,daily,1,1,,,,0.02,USD
ACcabbc8db28677d7319eb5d87ff2e7562,2023-06-28,daily,1,1,1,,,0.04,USD
ACcabbc8db28677d7319eb5d87ff2e7562,2023-06-12,daily,,3,,,,0.04,USD
ACcabbc8db28677d7319eb5d87ff2e7562,2023-10-03,daily,1,2,,,,0.05,USD
ACcabbc8db28677d7319eb5d87ff2e7562,2023-05-24,daily,,,1,,,0.01,USD
ACcabbc8db28677d7319eb5d87ff2e7562,2026-03-30,daily,1,1,,,,0.03,USD
ACcabbc8db28677d7319eb5d87ff2e7562,2024-11-21,daily,,,1,,,0.01,USD
ACcabbc8db28677d7319eb5d87ff2e7562,2024-01-16,daily,,1,1,,,0.01,USD
ACcabbc8db28677d7319eb5d87ff2e7562,2024-07-11,daily,1,1,,,,0.03,USD
ACcabbc8db28677d7319eb5d87ff2e7562,2025-05-01,daily,,2,,,,0.04,USD
ACcabbc8db28677d7319eb5d87ff2e7562,2023-10-02,daily,1,,,,,0.01,USD
ACcabbc8db28677d7319eb5d87ff2e7562,2024-02-15,daily,,1,,,,0.02,USD
ACcabbc8db28677d7319eb5d87ff2e7562,2024-09-08,daily,1,1,,,,0.02,USD
ACcabbc8db28677d7319eb5d87ff2e7562,2024-10-15,daily,,,1,,,0.01,USD
ACcabbc8db28677d7319eb5d87ff2e7562,2023-08-27,daily,,1,,,,0.02,USD
ACcabbc8db28677d7319eb5d87ff2e7562,2024-04-10,daily,1,2,,,,0.03,USD
ACcabbc8db28677d7319eb5d87ff2e7562,2023-04-28,daily,,2,,,,0.04,USD
ACcabbc8db28677d7319eb5d87ff2e7562,2023-12-12,daily,1,1,,,,0.01,USD
ACcabbc8db28677d7319eb5d87ff2e7562,2024-10-17,daily,,2,,,,0.03,USD
ACcabbc8db28677d7319eb5d87ff2e7562,2023-08-30,daily,,1,,,,0.01,USD
ACcabbc8db28677d7319eb5d87ff2e7562,2024-12-27,daily,,3,,,,0.04,USD
ACcabbc8db28677d7319eb5d87ff2e7562,2024-09-23,daily,,1,,,,0.02,USD
ACcabbc8db28677d7319eb5d87ff2e7562,2024-08-13,daily,,1,1,,,0.04,USD
ACcabbc8db28677d7319eb5d87ff2e7562,2026-03-17,daily,1,1,,,,0.03,USD
ACcabbc8db28677d7319eb5d87ff2e7562,2025-10-08,daily,1,,,,,0.01,USD
ACcabbc8db28677d7319eb5d87ff2e7562,2024-09-01,daily,,1,,,,0.01,USD
ACcabbc8db28677d7319eb5d87ff2e7562,2023-11-20,daily,,1,,,,0.02,USD
ACcabbc8db28677d7319eb5d87ff2e7562,2026-01-11,daily,1,2,,,,0.04,USD
ACcabbc8db28677d7319eb5d87ff2e7562,2026-04-11,daily,1,1,1,,,0.04,USD
ACcabbc8db28677d7319eb5d87ff2e7562,2024-10-03,daily,,,1,,,0.01,USD
ACcabbc8db28677d7319eb5d87ff2e7562,2024-09-09,daily,,2,,,,0.03,USD
ACcabbc8db28677d7319eb5d87ff2e7562,2025-07-25,daily,,,1,,,0.01,USD
ACcabbc8db28677d7319eb5d87ff2e7562,2025-02-13,daily,1,,,,,0.01,USD
ACcabbc8db28677d7319eb5d87ff2e7562,2025-05-30,daily,1,,1,,,0.02,USD
ACcabbc8db28677d7319eb5d87ff2e7562,2025-02-18,daily,1,1,,,,0.04,USD
ACcabbc8db28677d7319eb5d87ff2e7562,2025-11-09,daily,,1,1,,,0.03,USD
ACcabbc8db28677d7319eb5d87ff2e7562,2024-12-16,daily,1,3,,,,0.07,USD
ACcabbc8db28677d7319eb5d87ff2e7562,2025-10-25,daily,1,1,1,,,0.06,USD
ACcabbc8db28677d7319eb5d87ff2e7562,2025-06-04,daily,,1,2,,,0.06,USD
ACcabbc8db28677d7319eb5d87ff2e7562,2025-07-10,daily,,,2,,,0.04,USD
ACcabbc8db28677d7319eb5d87ff2e7562,2024-04-19,daily,,1,,,,0.02,USD
ACcabbc8db28677d7319eb5d87ff2e7562,2024-09-26,daily,,3,,,,0.05,USD
ACcabbc8db28677d7319eb5d87ff2e7562,2024-06-16,daily,1,1,,,,0.02,USD
ACcabbc8db28677d7319eb5d87ff2e7562,2026-02-19,daily,,3,1,,,0.07,USD
ACcabbc8db28677d7319eb5d87ff2e7562,2023-05-22,daily,1,2,1,,,0.05,USD
ACcabbc8db28677d7319eb5d87ff2e7562,2023-05-09,daily,,2,,,,0.04,USD
ACcabbc8db28677d7319eb5d87ff2e7562,2023-09-02,daily,1,1,,,,0.04,USD
ACcabbc8db28677d7319eb5d87ff2e7562,2024-05-06,daily,,,1,,,0.01,USD
ACcabbc8db28677d7319eb5d87ff2e7562,2024-10-22,daily,,1,,,,0.01,USD
ACcabbc8db28677d7319eb5d87ff2e7562,2023-05-28,daily,,3,,,,0.04,USD
ACcabbc8db28677d7319eb5d87ff2e7562,2025-01-03,daily,1,1,1,,,0.04,USD
ACcabbc8db28677d7319eb5d87ff2e7562,2024-02-21,daily,2,,,,1,0.03,USD
ACcabbc8db28677d7319eb5d87ff2e7562,2025-03-04,daily,,,1,,,0.01,USD
ACcabbc8db28677d7319eb5d87ff2e7562,2025-09-16,daily,,1,1,,,0.03,USD
ACcabbc8db28677d7319eb5d87ff2e7562,2024-07-10,daily,1,1,,,,0.03,USD
ACcabbc8db28677d7319eb5d87ff2e7562,2026-03-16,daily,1,2,,,,0.04,USD
ACcabbc8db28677d7319eb5d87ff2e7562,2023-09-17,daily,,1,1,,,0.04,USD
ACcabbc8db28677d7319eb5d87ff2e7562,2024-04-29,daily,,2,,,,0.04,USD
ACcabbc8db28677d7319eb5d87ff2e7562,2023-07-26,daily,,1,,,,0.02,USD
ACcabbc8db28677d7319eb5d87ff2e7562,2024-04-12,daily,,1,,,,0.01,USD
ACcabbc8db28677d7319eb5d87ff2e7562,2023-07-16,daily,,1,1,,,0.03,USD
ACcabbc8db28677d7319eb5d87ff2e7562,2025-10-01,daily,,2,1,,,0.04,USD
ACcabbc8db28677d7319eb5d87ff2e7562,2023-06-15,daily,,2,,,,0.03,USD
ACcabbc8db28677d7319eb5d87ff2e7562,2025-03-09,daily,1,2,,,,0.07,USD
ACcabbc8db28677d7319eb5d87ff2e7562,2025-07-31,daily,,1,,,,0.02,USD
ACcabbc8db28677d7319eb5d87ff2e7562,2025-12-27,daily,,1,,,,0.02,USD
ACcabbc8db28677d7319eb5d87ff2e7562,2026-01-07,daily,,1,,,,0.01,USD
ACcabbc8db28677d7319eb5d87ff2e7562,2025-04-21,daily,,1,1,,,0.02,USD
ACcabbc8db28677d7319eb5d87ff2e7562,2024-05-26,daily,,1,,,,0.01,USD
ACcabbc8db28677d7319eb5d87ff2e7562,2023-12-26,daily,1,,,,,0.01,USD
ACcabbc8db28677d7319eb5d87ff2e7562,2023-06-16,daily,,2,,,,0.01,USD
ACcabbc8db28677d7319eb5d87ff2e7562,2025-03-22,daily,1,1,,,,0.04,USD
ACcabbc8db28677d7319eb5d87ff2e7562,2024-07-25,daily,1,1,,,,0.02,USD
ACcabbc8db28677d7319eb5d87ff2e7562,2023-11-22,daily,1,,,,,0.01,USD
ACcabbc8db28677d7319eb5d87ff2e7562,2023-05-19,daily,1,,1,,,0.03,USD
ACcabbc8db28677d7319eb5d87ff2e7562,2025-07-27,daily,1,2,,,,0.04,USD
ACcabbc8db28677d7319eb5d87ff2e7562,2024-01-01,daily,,3,,,,0.04,USD
ACcabbc8db28677d7319eb5d87ff2e7562,2025-05-14,daily,1,,1,,,0.03,USD
ACcabbc8db28677d7319eb5d87ff2e7562,2024-06-19,daily,1,2,,,,0.05,USD
ACcabbc8db28677d7319eb5d87ff2e7562,2024-03-18,daily,2,1,,,1,0.05,USD
ACcabbc8db28677d7319eb5d87ff2e7562,2024-07-22,daily,,2,,,,0.04,USD
ACcabbc8db28677d7319eb5d87ff2e7562,2023-06-05,daily,,1,,,,0.01,USD
ACcabbc8db28677d7319eb5d87ff2e7562,2025-01-09,daily,,1,,,,0.01,USD
ACcabbc8db28677d7319eb5d87ff2e7562,2024-11-01,daily,1,,,,,0.02,USD
ACcabbc8db28677d7319eb5d87ff2e7562,2025-08-19,daily,1,,,,,0.02,USD
ACcabbc8db28677d7319eb5d87ff2e7562,2023-10-04,daily,,2,,,,0.03,USD
ACcabbc8db28677d7319eb5d87ff2e7562,2025-09-01,daily,1,1,,,,0.01,USD
ACcabbc8db28677d7319eb5d87ff2e7562,2026-04-05,daily,,2,,,,0.03,USD
ACcabbc8db28677d7319eb5d87ff2e7562,2025-02-19,daily,1,1,,,,0.04,USD
ACcabbc8db28677d7319eb5d87ff2e7562,2025-05-16,daily,,1,1,,,0.04,USD
ACcabbc8db28677d7319eb5d87ff2e7562,2024-01-20,daily,,1,,,,0.01,USD
ACcabbc8db28677d7319eb5d87ff2e7562,2024-06-02,daily,1,1,1,,,0.04,USD
ACcabbc8db28677d7319eb5d87ff2e7562,2026-01-14,daily,1,1,,,,0.02,USD
ACcabbc8db28677d7319eb5d87ff2e7562,2024-06-11,daily,,2,1,,,0.04,USD
ACcabbc8db28677d7319eb5d87ff2e7562,2024-07-26,daily,,1,,,,0.01,USD
ACcabbc8db28677d7319eb5d87ff2e7562,2023-12-11,daily,1,1,,,,0.02,USD
ACcabbc8db28677d7319eb5d87ff2e7562,2024-04-27,daily,,1,,,,0.01,USD
ACcabbc8db28677d7319eb5d87ff2e7562,2025-03-01,daily,1,1,1,,,0.04,USD
ACcabbc8db28677d7319eb5d87ff2e7562,2023-09-20,daily,2,,,,1,0.01,USD
ACcabbc8db28677d7319eb5d87ff2e7562,2026-02-22,daily,,,1,,,0.01,USD
ACcabbc8db28677d7319eb5d87ff2e7562,2024-10-28,daily,1,,,,,0.01,USD
ACcabbc8db28677d7319eb5d87ff2e7562,2024-11-14,daily,1,1,1,,,0.05,USD
ACcabbc8db28677d7319eb5d87ff2e7562,2024-01-25,daily,,1,,,,0.01,USD
ACcabbc8db28677d7319eb5d87ff2e7562,2026-03-05,daily,2,,,,1,0.04,USD
ACcabbc8db28677d7319eb5d87ff2e7562,2024-02-28,daily,,1,1,,,0.01,USD
ACcabbc8db28677d7319eb5d87ff2e7562,2024-02-07,daily,2,1,1,,1,0.05,USD
ACcabbc8db28677d7319eb5d87ff2e7562,2026-03-07,daily,1,1,1,,,0.06,USD
ACcabbc8db28677d7319eb5d87ff2e7562,2026-01-08,daily,1,2,1,,,0.07,USD
ACcabbc8db28677d7319eb5d87ff2e7562,2024-10-26,daily,,2,,,,0.03,USD
ACcabbc8db28677d7319eb5d87ff2e7562,2025-03-10,daily,1,2,,,,0.05,USD
ACcabbc8db28677d7319eb5d87ff2e7562,2024-11-19,daily,,3,1,,,0.08,USD
ACcabbc8db28677d7319eb5d87ff2e7562,2024-05-30,daily,,,1,,,0.02,USD
ACcabbc8db28677d7319eb5d87ff2e7562,2024-05-03,daily,1,,1,,,0.04,USD
ACcabbc8db28677d7319eb5d87ff2e7562,2025-06-23,daily,1,2,2,,,0.04,USD
ACcabbc8db28677d7319eb5d87ff2e7562,2024-08-06,daily,,,1,,,0.01,USD
ACcabbc8db28677d7319eb5d87ff2e7562,2023-09-07,daily,2,1,,,1,0.05,USD
ACcabbc8db28677d7319eb5d87ff2e7562,2025-10-22,daily,,1,1,,,0.01,USD
ACcabbc8db28677d7319eb5d87ff2e7562,2025-03-26,daily,,1,1,,,0.04,USD
ACcabbc8db28677d7319eb5d87ff2e7562,2024-04-23,daily,,1,,,,0.01,USD
ACcabbc8db28677d7319eb5d87ff2e7562,2023-05-14,daily,,1,1,,,0.03,USD
ACcabbc8db28677d7319eb5d87ff2e7562,2025-12-06,daily,,2,1,,,0.04,USD
ACcabbc8db28677d7319eb5d87ff2e7562,2025-12-11,daily,1,,1,,,0.04,USD
ACcabbc8db28677d7319eb5d87ff2e7562,2025-05-10,daily,,3,,,,0.03,USD
ACcabbc8db28677d7319eb5d87ff2e7562,2023-07-17,daily,,,1,,,0.01,USD
ACcabbc8db28677d7319eb5d87ff2e7562,2024-12-15,daily,1,,,,,0.01,USD
ACcabbc8db28677d7319eb5d87ff2e7562,2025-02-04,daily,,1,,,,0.02,USD
ACcabbc8db28677d7319eb5d87ff2e7562,2023-07-30,daily,,1,2,,,0.03,USD
ACcabbc8db28677d7319eb5d87ff2e7562,2024-03-25,daily,,1,1,,,0.02,USD
ACcabbc8db28677d7319eb5d87ff2e7562,2023-08-15,daily,,1,1,,,0.03,USD
ACcabbc8db28677d7319eb5d87ff2e7562,2023-12-19,daily,,3,1,,,0.05,USD
ACcabbc8db28677d7319eb5d87ff2e7562,2026-01-18,daily,,,2,,,0.02,USD
ACcabbc8db28677d7319eb5d87ff2e7562,2023-05-07,daily,,2,2,,,0.07,USD
ACcabbc8db28677d7319eb5d87ff2e7562,2024-01-02,daily,,1,,,,0.01,USD
ACcabbc8db28677d7319eb5d87ff2e7562,2026-01-02,daily,,,1,,,0.01,USD
ACcabbc8db28677d7319eb5d87ff2e7562,2024-10-02,daily,2,1,,,1,0.03,USD
ACcabbc8db28677d7319eb5d87ff2e7562,2026-02-16,daily,,2,,,,0.02,USD
ACcabbc8db28677d7319eb5d87ff2e7562,2025-01-01,daily,,1,,,,0.01,USD
ACcabbc8db28677d7319eb5d87ff2e7562,2025-02-11,daily,,2,,,,0.04,USD
ACcabbc8db28677d7319eb5d87ff2e7562,2025-06-07,daily,,1,,,,0.01,USD
ACcabbc8db28677d7319eb5d87ff2e7562,2025-04-10,daily,,1,,,,0.01,USD
ACcabbc8db28677d7319eb5d87ff2e7562,2025-09-17,daily,1,,,,,0.01,USD
ACcabbc8db28677d7319eb5d87ff2e7562,2024-09-19,daily,,1,,,,0.02,USD
ACcabbc8db28677d7319eb5d87ff2e7562,2024-07-23,daily,,1,,,,0.01,USD
ACcabbc8db28677d7319eb5d87ff2e7562,2024-02-19,daily,2,,1,,1,0.04,USD
ACcabbc8db28677d7319eb5d87ff2e7562,2025-02-14,daily,,,1,,,0.02,USD
ACcabbc8db28677d7319eb5d87ff2e7562,2023-06-20,daily,,1,,,,0.01,USD
ACcabbc8db28677d7319eb5d87ff2e7562,2024-03-04,daily,2,,1,,1,0.06,USD
ACcabbc8db28677d7319eb5d87ff2e7562,2023-10-28,daily,1,1,,,,0.04,USD
ACcabbc8db28677d7319eb5d87ff2e7562,2024-02-03,daily,,2,,,,0.02,USD
ACcabbc8db28677d7319eb5d87ff2e7562,2025-10-27,daily,1,2,,,,0.03,USD
ACcabbc8db28677d7319eb5d87ff2e7562,2025-01-23,daily,,1,,,,0.01,USD
ACcabbc8db28677d7319eb5d87ff2e7562,2025-11-03,daily,,1,1,,,0.04,USD
ACcabbc8db28677d7319eb5d87ff2e7562,2025-01-30,daily,1,,1,,,0.01,USD
ACcabbc8db28677d7319eb5d87ff2e7562,2023-05-27,daily,,,1,,,0.01,USD
ACcabbc8db28677d7319eb5d87ff2e7562,2025-07-16,daily,,1,1,,,0.01,USD
ACcabbc8db28677d7319eb5d87ff2e7562,2025-06-28,daily,1,,,,,0.01,USD
ACcabbc8db28677d7319eb5d87ff2e7562,2024-11-24,daily,1,,,,,0.01,USD
ACcabbc8db28677d7319eb5d87ff2e7562,2026-03-03,daily,,1,,,,0.01,USD
ACcabbc8db28677d7319eb5d87ff2e7562,2025-04-09,daily,,,2,,,0.03,USD
ACcabbc8db28677d7319eb5d87ff2e7562,2024-03-14,daily,1,,,,,0.01,USD
ACcabbc8db28677d7319eb5d87ff2e7562,2024-07-07,daily,1,1,1,,,0.04,USD
ACcabbc8db28677d7319eb5d87ff2e7562,2023-07-11,daily,,2,1,,,0.04,USD
ACcabbc8db28677d7319eb5d87ff2e7562,2023-10-05,daily,1,1,,,,0.03,USD
ACcabbc8db28677d7319eb5d87ff2e7562,2026-01-09,daily,,1,,,,0.01,USD
ACcabbc8db28677d7319eb5d87ff2e7562,2023-12-28,daily,2,,,,1,0.01,USD
ACcabbc8db28677d7319eb5d87ff2e7562,2024-07-17,daily,,,1,,,0.01,USD
ACcabbc8db28677d7319eb5d87ff2e7562,2025-09-08,daily,1,2,,,,0.04,USD
ACcabbc8db28677d7319eb5d87ff2e7562,2025-03-05,daily,,2,1,,,0.06,USD
ACcabbc8db28677d7319eb5d87ff2e7562,2025-07-11,daily,1,,1,,,0.03,USD
ACcabbc8db28677d7319eb5d87ff2e7562,2025-06-14,daily,,1,1,,,0.03,USD
ACcabbc8db28677d7319eb5d87ff2e7562,2025-10-26,daily,1,1,,,,0.04,USD
ACcabbc8db28677d7319eb5d87ff2e7562,2025-10-02,daily,,1,2,,,0.06,USD
ACcabbc8db28677d7319eb5d87ff2e7562,2023-08-19,daily,,2,1,,,0.04,USD
ACcabbc8db28677d7319eb5d87ff2e7562,2023-09-15,daily,,1,,,,0.01,USD
ACcabbc8db28677d7319eb5d87ff2e7562,2023-06-01,daily,,1,,,,0.02,USD
ACcabbc8db28677d7319eb5d87ff2e7562,2026-02-05,daily,1,,,,,0.01,USD
ACcabbc8db28677d7319eb5d87ff2e7562,2025-04-16,daily,1,,1,,,0.03,USD
ACcabbc8db28677d7319eb5d87ff2e7562,2026-04-07,daily,,1,,,,0.01,USD
ACcabbc8db28677d7319eb5d87ff2e7562,2025-01-06,daily,,4,,,,0.05,USD
ACcabbc8db28677d7319eb5d87ff2e7562,2023-09-12,daily,,1,,,,0.01,USD
ACcabbc8db28677d7319eb5d87ff2e7562,2024-06-05,daily,1,,,,,0.01,USD
ACcabbc8db28677d7319eb5d87ff2e7562,2025-07-30,daily,,1,,,,0.01,USD
ACcabbc8db28677d7319eb5d87ff2e7562,2024-12-19,daily,1,1,,,,0.03,USD
ACcabbc8db28677d7319eb5d87ff2e7562,2025-02-26,daily,,1,,,,0.01,USD
ACcabbc8db28677d7319eb5d87ff2e7562,2025-06-01,daily,1,,1,,,0.02,USD
ACcabbc8db28677d7319eb5d87ff2e7562,2023-09-05,daily,1,,,,,0.01,USD
ACcabbc8db28677d7319eb5d87ff2e7562,2024-01-03,daily,,1,2,,,0.02,USD
ACcabbc8db28677d7319eb5d87ff2e7562,2025-10-03,daily,,1,,,,0.02,USD
ACcabbc8db28677d7319eb5d87ff2e7562,2025-01-29,daily,,1,1,,,0.04,USD
ACcabbc8db28677d7319eb5d87ff2e7562,2025-11-07,daily,,3,1,,,0.05,USD
ACcabbc8db28677d7319eb5d87ff2e7562,2026-02-27,daily,1,1,,,,0.01,USD
ACcabbc8db28677d7319eb5d87ff2e7562,2025-11-20,daily,,1,,,,0.01,USD
ACcabbc8db28677d7319eb5d87ff2e7562,2024-04-22,daily,1,,,,,0.01,USD
ACcabbc8db28677d7319eb5d87ff2e7562,2025-11-29,daily,3,1,,1,1,0.04,USD
ACcabbc8db28677d7319eb5d87ff2e7562,2025-04-19,daily,,2,,,,0.02,USD
ACcabbc8db28677d7319eb5d87ff2e7562,2025-07-26,daily,,1,,,,0.02,USD
ACcabbc8db28677d7319eb5d87ff2e7562,2023-06-14,daily,,,2,,,0.02,USD
ACcabbc8db28677d7319eb5d87ff2e7562,2024-05-15,daily,1,,,,,0.01,USD
ACcabbc8db28677d7319eb5d87ff2e7562,2025-05-19,daily,,,1,,,0.01,USD
ACcabbc8db28677d7319eb5d87ff2e7562,2023-12-06,daily,,1,,,,0.02,USD
ACcabbc8db28677d7319eb5d87ff2e7562,2024-01-30,daily,,2,,,,0.03,USD
ACcabbc8db28677d7319eb5d87ff2e7562,2024-06-25,daily,,1,,,,0.01,USD
ACcabbc8db28677d7319eb5d87ff2e7562,2025-05-09,daily,1,3,,,,0.04,USD
ACcabbc8db28677d7319eb5d87ff2e7562,2023-10-19,daily,1,1,,,,0.04,USD
ACcabbc8db28677d7319eb5d87ff2e7562,2025-09-18,daily,1,1,,,,0.04,USD
ACcabbc8db28677d7319eb5d87ff2e7562,2023-11-13,daily,1,1,1,,,0.06,USD
ACcabbc8db28677d7319eb5d87ff2e7562,2023-05-26,daily,,1,,,,0.02,USD
ACcabbc8db28677d7319eb5d87ff2e7562,2025-11-02,daily,1,,,,,0.01,USD
ACcabbc8db28677d7319eb5d87ff2e7562,2024-12-22,daily,,1,,,,0.01,USD
ACcabbc8db28677d7319eb5d87ff2e7562,2024-09-05,daily,1,,1,,,0.02,USD
ACcabbc8db28677d7319eb5d87ff2e7562,2025-09-14,daily,,1,,,,0.02,USD
ACcabbc8db28677d7319eb5d87ff2e7562,2023-11-28,daily,,1,,,,0.01,USD
ACcabbc8db28677d7319eb5d87ff2e7562,2024-09-04,daily,,2,,,,0.02,USD
ACcabbc8db28677d7319eb5d87ff2e7562,2023-09-29,daily,1,,,,,0.02,USD
ACcabbc8db28677d7319eb5d87ff2e7562,2024-03-26,daily,1,,,,,0.01,USD
ACcabbc8db28677d7319eb5d87ff2e7562,2023-05-31,daily,,1,,,,0.01,USD
ACcabbc8db28677d7319eb5d87ff2e7562,2024-08-10,daily,,3,,,,0.04,USD
ACcabbc8db28677d7319eb5d87ff2e7562,2025-02-15,daily,2,,,,1,0.02,USD
ACcabbc8db28677d7319eb5d87ff2e7562,2024-04-07,daily,,,1,,,0.01,USD
ACcabbc8db28677d7319eb5d87ff2e7562,2025-02-25,daily,1,2,,,,0.07,USD
ACcabbc8db28677d7319eb5d87ff2e7562,2024-05-04,daily,,,1,,,0.02,USD
ACcabbc8db28677d7319eb5d87ff2e7562,2025-12-22,daily,,1,,,,0.01,USD
ACcabbc8db28677d7319eb5d87ff2e7562,2025-12-25,daily,1,1,1,,,0.04,USD
ACcabbc8db28677d7319eb5d87ff2e7562,2024-05-25,daily,,1,,,,0.01,USD
ACcabbc8db28677d7319eb5d87ff2e7562,2025-04-07,daily,,2,,,,0.03,USD
ACcabbc8db28677d7319eb5d87ff2e7562,2023-12-04,daily,,1,,,,0.02,USD
ACcabbc8db28677d7319eb5d87ff2e7562,2025-11-01,daily,,1,,,,0.01,USD
ACcabbc8db28677d7319eb5d87ff2e7562,2023-11-30,daily,,2,1,,,0.04,USD
ACcabbc8db28677d7319eb5d87ff2e7562,2025-05-21,daily,,,1,,,0.01,USD
ACcabbc8db28677d7319eb5d87ff2e7562,2024-07-15,daily,1,,1,,,0.01,USD
ACcabbc8db28677d7319eb5d87ff2e7562,2025-02-16,daily,,2,,,,0.04,USD
ACcabbc8db28677d7319eb5d87ff2e7562,2026-01-06,daily,1,1,,,,0.03,USD
ACcabbc8db28677d7319eb5d87ff2e7562,2025-10-19,daily,,2,,,,0.01,USD
ACcabbc8db28677d7319eb5d87ff2e7562,2025-04-15,daily,1,,,,,0.01,USD
ACcabbc8db28677d7319eb5d87ff2e7562,2024-01-06,daily,1,2,1,,,0.08,USD
ACcabbc8db28677d7319eb5d87ff2e7562,2023-06-06,daily,,,1,,,0.01,USD
ACcabbc8db28677d7319eb5d87ff2e7562,2023-08-20,daily,1,1,1,,,0.05,USD
ACcabbc8db28677d7319eb5d87ff2e7562,2026-03-20,daily,,,2,,,0.03,USD
ACcabbc8db28677d7319eb5d87ff2e7562,2025-10-10,daily,,4,,,,0.07,USD
ACcabbc8db28677d7319eb5d87ff2e7562,2025-12-26,daily,,1,,,,0.01,USD
ACcabbc8db28677d7319eb5d87ff2e7562,2025-02-03,daily,1,1,1,,,0.04,USD
ACcabbc8db28677d7319eb5d87ff2e7562,2025-11-15,daily,2,1,,,1,0.05,USD
ACcabbc8db28677d7319eb5d87ff2e7562,2026-02-03,daily,2,,,,1,0.02,USD
ACcabbc8db28677d7319eb5d87ff2e7562,2025-02-20,daily,,3,1,,,0.07,USD
ACcabbc8db28677d7319eb5d87ff2e7562,2026-03-28,daily,,1,3,,,0.04,USD
ACcabbc8db28677d7319eb5d87ff2e7562,2023-10-11,daily,1,2,,,,0.04,USD
ACcabbc8db28677d7319eb5d87ff2e7562,2025-07-06,daily,,,2,,,0.04,USD
ACcabbc8db28677d7319eb5d87ff2e7562,2024-01-12,daily,,1,,,,0.01,USD
ACcabbc8db28677d7319eb5d87ff2e7562,2023-11-15,daily,,1,2,,,0.05,USD
ACcabbc8db28677d7319eb5d87ff2e7562,2023-07-18,daily,,1,,,,0.01,USD
ACcabbc8db28677d7319eb5d87ff2e7562,2023-04-19,daily,,1,,,,0.01,USD
ACcabbc8db28677d7319eb5d87ff2e7562,2024-10-30,daily,,1,1,,,0.03,USD
ACcabbc8db28677d7319eb5d87ff2e7562,2025-09-09,daily,,1,,,,0.01,USD
ACcabbc8db28677d7319eb5d87ff2e7562,2025-06-02,daily,,1,,,,0.01,USD
ACcabbc8db28677d7319eb5d87ff2e7562,2024-02-24,daily,,,2,,,0.03,USD
ACcabbc8db28677d7319eb5d87ff2e7562,2025-08-27,daily,,2,,,,0.03,USD
ACcabbc8db28677d7319eb5d87ff2e7562,2023-07-29,daily,,,1,,,0.02,USD
ACcabbc8db28677d7319eb5d87ff2e7562,2026-03-06,daily,1,,,,,0.01,USD
ACcabbc8db28677d7319eb5d87ff2e7562,2024-03-28,daily,2,,,,1,0.04,USD
ACcabbc8db28677d7319eb5d87ff2e7562,2026-03-09,daily,1,1,,,,0.03,USD
ACcabbc8db28677d7319eb5d87ff2e7562,2023-08-29,daily,,3,,,,0.04,USD
ACcabbc8db28677d7319eb5d87ff2e7562,2025-03-20,daily,,1,,,,0.01,USD
ACcabbc8db28677d7319eb5d87ff2e7562,2024-02-09,daily,,1,1,,,0.04,USD
ACcabbc8db28677d7319eb5d87ff2e7562,2024-07-03,daily,,2,,,,0.04,USD
ACcabbc8db28677d7319eb5d87ff2e7562,2024-05-13,daily,1,,,,,0.01,USD
ACcabbc8db28677d7319eb5d87ff2e7562,2023-11-04,daily,2,,,,1,0.04,USD
ACcabbc8db28677d7319eb5d87ff2e7562,2024-11-22,daily,,,1,,,0.01,USD
ACcabbc8db28677d7319eb5d87ff2e7562,2024-08-23,daily,1,1,,,,0.04,USD
ACcabbc8db28677d7319eb5d87ff2e7562,2025-10-16,daily,1,1,,,,0.03,USD
ACcabbc8db28677d7319eb5d87ff2e7562,2026-02-23,daily,,2,,,,0.02,USD
ACcabbc8db28677d7319eb5d87ff2e7562,2025-08-17,daily,,1,,,,0.01,USD
ACcabbc8db28677d7319eb5d87ff2e7562,2024-06-06,daily,1,,,,,0.01,USD
ACcabbc8db28677d7319eb5d87ff2e7562,2024-07-27,daily,,1,,,,0.01,USD
ACcabbc8db28677d7319eb5d87ff2e7562,2024-08-16,daily,,2,1,,,0.05,USD
ACcabbc8db28677d7319eb5d87ff2e7562,2024-02-10,daily,,4,,,,0.07,USD
ACcabbc8db28677d7319eb5d87ff2e7562,2025-09-06,daily,,1,,,,0.01,USD
ACcabbc8db28677d7319eb5d87ff2e7562,2025-09-15,daily,1,1,1,,,0.04,USD
ACcabbc8db28677d7319eb5d87ff2e7562,2024-12-18,daily,1,1,,,,0.03,USD
ACcabbc8db28677d7319eb5d87ff2e7562,2023-05-03,daily,,1,,,,0.02,USD
ACcabbc8db28677d7319eb5d87ff2e7562,2023-04-24,daily,,1,,,,0.02,USD
ACcabbc8db28677d7319eb5d87ff2e7562,2025-11-17,daily,2,1,,,1,0.04,USD
ACcabbc8db28677d7319eb5d87ff2e7562,2024-09-30,daily,1,1,,,,0.02,USD
ACcabbc8db28677d7319eb5d87ff2e7562,2024-08-24,daily,,1,1,,,0.02,USD
ACcabbc8db28677d7319eb5d87ff2e7562,2024-08-17,daily,,1,,,,0.02,USD
ACcabbc8db28677d7319eb5d87ff2e7562,2025-06-19,daily,,3,1,,,0.07,USD
ACcabbc8db28677d7319eb5d87ff2e7562,2025-12-29,daily,2,,,,1,0.02,USD
ACcabbc8db28677d7319eb5d87ff2e7562,2025-07-23,daily,,1,,,,0.01,USD
ACcabbc8db28677d7319eb5d87ff2e7562,2025-12-08,daily,1,1,,,,0.02,USD
ACcabbc8db28677d7319eb5d87ff2e7562,2024-07-13,daily,,1,,,,0.02,USD
ACcabbc8db28677d7319eb5d87ff2e7562,2025-01-28,daily,,1,,,,0.02,USD
ACcabbc8db28677d7319eb5d87ff2e7562,2026-01-05,daily,1,,,,,0.01,USD
ACcabbc8db28677d7319eb5d87ff2e7562,2024-09-16,daily,2,2,1,,1,0.07,USD
ACcabbc8db28677d7319eb5d87ff2e7562,2023-11-10,daily,1,1,,,,0.04,USD
ACcabbc8db28677d7319eb5d87ff2e7562,2024-05-01,daily,1,2,,,,0.04,USD
ACcabbc8db28677d7319eb5d87ff2e7562,2024-05-29,daily,,2,,,,0.02,USD
ACcabbc8db28677d7319eb5d87ff2e7562,2024-10-13,daily,,2,,,,0.04,USD
ACcabbc8db28677d7319eb5d87ff2e7562,2023-06-22,daily,,,1,,,0.02,USD
ACcabbc8db28677d7319eb5d87ff2e7562,2024-02-17,daily,,2,1,,,0.05,USD
ACcabbc8db28677d7319eb5d87ff2e7562,2025-11-12,daily,1,,,,,0.01,USD
ACcabbc8db28677d7319eb5d87ff2e7562,2025-12-30,daily,,1,,,,0.01,USD
ACcabbc8db28677d7319eb5d87ff2e7562,2025-12-15,daily,1,,1,,,0.04,USD
ACcabbc8db28677d7319eb5d87ff2e7562,2025-11-08,daily,1,,,,,0.01,USD
ACcabbc8db28677d7319eb5d87ff2e7562,2025-03-31,daily,,1,,,,0.02,USD
ACcabbc8db28677d7319eb5d87ff2e7562,2024-04-09,daily,,1,,,,0.01,USD
ACcabbc8db28677d7319eb5d87ff2e7562,2023-05-10,daily,,2,,,,0.03,USD
ACcabbc8db28677d7319eb5d87ff2e7562,2023-10-29,daily,1,1,,,,0.02,USD
ACcabbc8db28677d7319eb5d87ff2e7562,2024-09-21,daily,,,1,,,0.01,USD
ACcabbc8db28677d7319eb5d87ff2e7562,2025-11-16,daily,1,1,,,,0.02,USD
ACcabbc8db28677d7319eb5d87ff2e7562,2023-11-01,daily,,2,1,,,0.06,USD
ACcabbc8db28677d7319eb5d87ff2e7562,2023-09-25,daily,3,,,1,1,0.04,USD
ACcabbc8db28677d7319eb5d87ff2e7562,2024-05-16,daily,,1,2,,,0.04,USD
ACcabbc8db28677d7319eb5d87ff2e7562,2023-08-18,daily,1,,1,,,0.02,USD
ACcabbc8db28677d7319eb5d87ff2e7562,2024-08-26,daily,2,1,,,1,0.04,USD
ACcabbc8db28677d7319eb5d87ff2e7562,2023-08-12,daily,,,2,,,0.02,USD
ACcabbc8db28677d7319eb5d87ff2e7562,2023-04-18,daily,2,1,,,1,0.04,USD
ACcabbc8db28677d7319eb5d87ff2e7562,2025-02-23,daily,1,2,,,,0.06,USD
ACcabbc8db28677d7319eb5d87ff2e7562,2023-10-06,daily,1,,,,,0.01,USD
ACcabbc8db28677d7319eb5d87ff2e7562,2024-11-05,daily,1,1,,,,0.03,USD
ACcabbc8db28677d7319eb5d87ff2e7562,2024-01-17,daily,1,,,,,0.01,USD
ACcabbc8db28677d7319eb5d87ff2e7562,2023-08-14,daily,1,,,,,0.02,USD
ACcabbc8db28677d7319eb5d87ff2e7562,2025-12-05,daily,1,2,,,,0.07,USD
ACcabbc8db28677d7319eb5d87ff2e7562,2023-06-11,daily,,3,,,,0.06,USD
ACcabbc8db28677d7319eb5d87ff2e7562,2023-10-07,daily,1,1,,,,0.04,USD
ACcabbc8db28677d7319eb5d87ff2e7562,2025-01-27,daily,,2,1,,,0.04,USD
ACcabbc8db28677d7319eb5d87ff2e7562,2025-10-09,daily,1,,1,,,0.01,USD
ACcabbc8db28677d7319eb5d87ff2e7562,2023-06-29,daily,1,,,,,0.01,USD
ACcabbc8db28677d7319eb5d87ff2e7562,2026-01-13,daily,,1,1,,,0.04,USD
ACcabbc8db28677d7319eb5d87ff2e7562,2024-10-27,daily,1,,,,,0.01,USD
ACcabbc8db28677d7319eb5d87ff2e7562,2025-09-11,daily,1,,,,,0.01,USD
ACcabbc8db28677d7319eb5d87ff2e7562,2025-07-28,daily,,,1,,,0.01,USD
ACcabbc8db28677d7319eb5d87ff2e7562,2024-05-20,daily,,1,,,,0.02,USD
ACcabbc8db28677d7319eb5d87ff2e7562,2023-11-25,daily,,1,,,,0.01,USD
ACcabbc8db28677d7319eb5d87ff2e7562,2024-12-31,daily,,1,1,,,0.03,USD
ACcabbc8db28677d7319eb5d87ff2e7562,2025-07-07,daily,,1,,,,0.02,USD
ACcabbc8db28677d7319eb5d87ff2e7562,2023-11-27,daily,,1,,,,0.01,USD
ACcabbc8db28677d7319eb5d87ff2e7562,2025-06-09,daily,,1,,,,0.02,USD
ACcabbc8db28677d7319eb5d87ff2e7562,2026-01-16,daily,1,1,,,,0.04,USD
ACcabbc8db28677d7319eb5d87ff2e7562,2024-09-29,daily,,1,,,,0.01,USD
ACcabbc8db28677d7319eb5d87ff2e7562,2023-06-26,daily,,,1,,,0.01,USD
ACcabbc8db28677d7319eb5d87ff2e7562,2024-02-25,daily,,1,,,,0.02,USD
ACcabbc8db28677d7319eb5d87ff2e7562,2023-10-01,daily,,1,,,,0.01,USD
ACcabbc8db28677d7319eb5d87ff2e7562,2024-03-24,daily,1,,,,,0.01,USD
ACcabbc8db28677d7319eb5d87ff2e7562,2025-04-17,daily,,1,1,,,0.03,USD
ACcabbc8db28677d7319eb5d87ff2e7562,2025-04-26,daily,1,1,,,,0.03,USD
ACcabbc8db28677d7319eb5d87ff2e7562,2024-12-03,daily,1,1,,,,0.03,USD
ACcabbc8db28677d7319eb5d87ff2e7562,2024-06-08,daily,,,1,,,0.01,USD
ACcabbc8db28677d7319eb5d87ff2e7562,2023-09-03,daily,,2,,,,0.02,USD
ACcabbc8db28677d7319eb5d87ff2e7562,2025-09-21,daily,1,,,,,0.01,USD
ACcabbc8db28677d7319eb5d87ff2e7562,2025-11-19,daily,,1,,,,0.01,USD
ACcabbc8db28677d7319eb5d87ff2e7562,2023-05-23,daily,,2,,,,0.03,USD
ACcabbc8db28677d7319eb5d87ff2e7562,2025-03-15,daily,,1,,,,0.01,USD
ACcabbc8db28677d7319eb5d87ff2e7562,2025-05-05,daily,,,1,,,0.01,USD
ACcabbc8db28677d7319eb5d87ff2e7562,2025-08-16,daily,,,1,,,0.02,USD
ACcabbc8db28677d7319eb5d87ff2e7562,2024-12-10,daily,,1,,,,0.01,USD
ACcabbc8db28677d7319eb5d87ff2e7562,2023-07-01,daily,1,,,,,0.01,USD
ACcabbc8db28677d7319eb5d87ff2e7562,2025-10-04,daily,,,1,,,0.01,USD
ACcabbc8db28677d7319eb5d87ff2e7562,2025-11-25,daily,,1,,,,0.02,USD
ACcabbc8db28677d7319eb5d87ff2e7562,2023-10-09,daily,,1,1,,,0.02,USD
ACcabbc8db28677d7319eb5d87ff2e7562,2025-02-27,daily,,1,1,,,0.04,USD
ACcabbc8db28677d7319eb5d87ff2e7562,2025-10-13,daily,1,,,,,0.02,USD
ACcabbc8db28677d7319eb5d87ff2e7562,2025-08-01,daily,,1,,,,0.01,USD
ACcabbc8db28677d7319eb5d87ff2e7562,2025-02-08,daily,1,1,,,,0.01,USD
ACcabbc8db28677d7319eb5d87ff2e7562,2026-03-24,daily,,1,,,,0.01,USD
ACcabbc8db28677d7319eb5d87ff2e7562,2026-02-04,daily,,2,1,,,0.02,USD
ACcabbc8db28677d7319eb5d87ff2e7562,2023-05-16,daily,1,,,,,0.01,USD
ACcabbc8db28677d7319eb5d87ff2e7562,2024-04-26,daily,1,1,,,,0.02,USD
ACcabbc8db28677d7319eb5d87ff2e7562,2024-10-07,daily,,3,,,,0.05,USD
ACcabbc8db28677d7319eb5d87ff2e7562,2024-02-01,daily,,3,1,,,0.06,USD
ACcabbc8db28677d7319eb5d87ff2e7562,2023-08-02,daily,,,1,,,0.02,USD
ACcabbc8db28677d7319eb5d87ff2e7562,2023-06-30,daily,1,1,,,,0.03,USD
ACcabbc8db28677d7319eb5d87ff2e7562,2026-03-08,daily,,1,,,,0.02,USD
ACcabbc8db28677d7319eb5d87ff2e7562,2023-09-01,daily,,1,,,,0.01,USD
ACcabbc8db28677d7319eb5d87ff2e7562,2024-05-14,daily,,4,,,,0.04,USD
ACcabbc8db28677d7319eb5d87ff2e7562,2024-12-02,daily,,2,,,,0.04,USD
ACcabbc8db28677d7319eb5d87ff2e7562,2023-05-30,daily,,1,,,,0.01,USD
ACcabbc8db28677d7319eb5d87ff2e7562,2025-07-24,daily,,1,,,,0.01,USD
ACcabbc8db28677d7319eb5d87ff2e7562,2024-04-30,daily,1,,,,,0.02,USD
ACcabbc8db28677d7319eb5d87ff2e7562,2026-02-25,daily,,1,,,,0.02,USD
ACcabbc8db28677d7319eb5d87ff2e7562,2025-06-21,daily,,2,1,,,0.04,USD
ACcabbc8db28677d7319eb5d87ff2e7562,2023-05-13,daily,1,,1,,,0.04,USD
ACcabbc8db28677d7319eb5d87ff2e7562,2023-12-16,daily,1,,,,,0.01,USD
ACcabbc8db28677d7319eb5d87ff2e7562,2025-11-11,daily,1,,,,,0.02,USD
ACcabbc8db28677d7319eb5d87ff2e7562,2024-06-12,daily,,,1,,,0.01,USD
ACcabbc8db28677d7319eb5d87ff2e7562,2023-07-04,daily,,,1,,,0.02,USD
ACcabbc8db28677d7319eb5d87ff2e7562,2024-08-12,daily,,1,,,,0.01,USD
ACcabbc8db28677d7319eb5d87ff2e7562,2024-03-16,daily,,1,1,,,0.03,USD
ACcabbc8db28677d7319eb5d87ff2e7562,2024-05-08,daily,,1,,,,0.02,USD
ACcabbc8db28677d7319eb5d87ff2e7562,2024-01-23,daily,,1,,,,0.01,USD
ACcabbc8db28677d7319eb5d87ff2e7562,2025-12-23,daily,1,1,,,,0.03,USD
ACcabbc8db28677d7319eb5d87ff2e7562,2025-07-14,daily,,,1,,,0.01,USD
ACcabbc8db28677d7319eb5d87ff2e7562,2025-05-15,daily,,,1,,,0.02,USD
ACcabbc8db28677d7319eb5d87ff2e7562,2024-04-15,daily,,2,,,,0.04,USD
ACcabbc8db28677d7319eb5d87ff2e7562,2024-10-01,daily,1,,,,,0.01,USD
ACcabbc8db28677d7319eb5d87ff2e7562,2025-09-03,daily,,,1,,,0.01,USD
ACcabbc8db28677d7319eb5d87ff2e7562,2025-12-13,daily,,1,,,,0.01,USD
ACcabbc8db28677d7319eb5d87ff2e7562,2024-12-09,daily,,1,,,,0.02,USD
ACcabbc8db28677d7319eb5d87ff2e7562,2025-07-02,daily,,1,,,,0.01,USD
ACcabbc8db28677d7319eb5d87ff2e7562,2024-04-18,daily,2,,,,1,0.03,USD
ACcabbc8db28677d7319eb5d87ff2e7562,2023-12-25,daily,1,4,,,,0.07,USD
ACcabbc8db28677d7319eb5d87ff2e7562,2024-11-11,daily,,1,,,,0.01,USD
ACcabbc8db28677d7319eb5d87ff2e7562,2023-09-13,daily,1,1,1,,,0.03,USD
ACcabbc8db28677d7319eb5d87ff2e7562,2024-06-21,daily,1,1,,,,0.03,USD
ACcabbc8db28677d7319eb5d87ff2e7562,2026-01-27,daily,,2,,,,0.03,USD
ACcabbc8db28677d7319eb5d87ff2e7562,2024-06-04,daily,,1,,,,0.01,USD
ACcabbc8db28677d7319eb5d87ff2e7562,2025-04-12,daily,,2,,,,0.04,USD
ACcabbc8db28677d7319eb5d87ff2e7562,2024-10-21,daily,1,,,,,0.02,USD
ACcabbc8db28677d7319eb5d87ff2e7562,2023-08-13,daily,2,,,,1,0.04,USD
ACcabbc8db28677d7319eb5d87ff2e7562,2023-08-04,daily,,,1,,,0.01,USD
ACcabbc8db28677d7319eb5d87ff2e7562,2023-12-07,daily,1,,,,,0.02,USD
ACcabbc8db28677d7319eb5d87ff2e7562,2024-11-07,daily,,,1,,,0.01,USD
ACcabbc8db28677d7319eb5d87ff2e7562,2024-08-15,daily,,1,,,,0.01,USD
ACcabbc8db28677d7319eb5d87ff2e7562,2023-08-24,daily,1,,,,,0.01,USD
ACcabbc8db28677d7319eb5d87ff2e7562,2025-09-13,daily,1,2,,,,0.04,USD
ACcabbc8db28677d7319eb5d87ff2e7562,2025-01-18,daily,,1,,,,0.01,USD
ACcabbc8db28677d7319eb5d87ff2e7562,2025-06-24,daily,,1,,,,0.01,USD
ACcabbc8db28677d7319eb5d87ff2e7562,2024-10-10,daily,,2,,,,0.04,USD
ACcabbc8db28677d7319eb5d87ff2e7562,2024-04-13,daily,1,,,,,0.01,USD
ACcabbc8db28677d7319eb5d87ff2e7562,2025-03-02,daily,2,1,,,1,0.06,USD
ACcabbc8db28677d7319eb5d87ff2e7562,2025-08-11,daily,1,,,,,0.02,USD
ACcabbc8db28677d7319eb5d87ff2e7562,2024-03-10,daily,,1,1,,,0.02,USD
ACcabbc8db28677d7319eb5d87ff2e7562,2023-04-22,daily,1,1,,,,0.03,USD
ACcabbc8db28677d7319eb5d87ff2e7562,2023-07-13,daily,1,,1,,,0.02,USD
ACcabbc8db28677d7319eb5d87ff2e7562,2025-11-14,daily,,,1,,,0.01,USD
ACcabbc8db28677d7319eb5d87ff2e7562,2023-05-25,daily,,1,,,,0.01,USD
ACcabbc8db28677d7319eb5d87ff2e7562,2024-05-21,daily,,1,1,,,0.03,USD
ACcabbc8db28677d7319eb5d87ff2e7562,2024-07-06,daily,,1,,,,0.01,USD
ACcabbc8db28677d7319eb5d87ff2e7562,2025-10-14,daily,,1,,,,0.01,USD
ACcabbc8db28677d7319eb5d87ff2e7562,2025-04-03,daily,1,2,1,,,0.04,USD
ACcabbc8db28677d7319eb5d87ff2e7562,2024-11-25,daily,1,,,,,0.01,USD
ACcabbc8db28677d7319eb5d87ff2e7562,2024-03-12,daily,1,,,,,0.01,USD
ACcabbc8db28677d7319eb5d87ff2e7562,2023-07-05,daily,,1,,,,0.01,USD
ACcabbc8db28677d7319eb5d87ff2e7562,2025-09-04,daily,,,1,,,0.01,USD
ACcabbc8db28677d7319eb5d87ff2e7562,2023-11-09,daily,,2,,,,0.03,USD
ACcabbc8db28677d7319eb5d87ff2e7562,2025-10-23,daily,,1,,,,0.02,USD
ACcabbc8db28677d7319eb5d87ff2e7562,2023-08-09,daily,1,1,,,,0.03,USD
ACcabbc8db28677d7319eb5d87ff2e7562,2023-09-11,daily,,2,,,,0.03,USD
ACcabbc8db28677d7319eb5d87ff2e7562,2023-07-20,daily,,1,1,,,0.02,USD
ACcabbc8db28677d7319eb5d87ff2e7562,2025-04-29,daily,,,1,,,0.01,USD
ACcabbc8db28677d7319eb5d87ff2e7562,2023-08-03,daily,1,,,,,0.01,USD
ACcabbc8db28677d7319eb5d87ff2e7562,2023-12-09,daily,1,1,,,,0.03,USD
ACcabbc8db28677d7319eb5d87ff2e7562,2025-08-13,daily,,2,,,,0.04,USD
ACcabbc8db28677d7319eb5d87ff2e7562,2023-11-19,daily,2,,,,1,0.03,USD
ACcabbc8db28677d7319eb5d87ff2e7562,2025-05-02,daily,1,,,,,0.01,USD
ACcabbc8db28677d7319eb5d87ff2e7562,2025-01-04,daily,1,1,,,,0.02,USD
ACcabbc8db28677d7319eb5d87ff2e7562,2023-10-08,daily,,1,,,,0.02,USD
ACcabbc8db28677d7319eb5d87ff2e7562,2026-02-07,daily,,,1,,,0.01,USD
ACcabbc8db28677d7319eb5d87ff2e7562,2025-03-06,daily,,1,,,,0.02,USD
ACcabbc8db28677d7319eb5d87ff2e7562,2025-10-06,daily,,1,,,,0.01,USD
ACcabbc8db28677d7319eb5d87ff2e7562,2023-07-03,daily,2,,,,1,0.03,USD
ACcabbc8db28677d7319eb5d87ff2e7562,2023-05-29,daily,,,1,,,0.01,USD
ACcabbc8db28677d7319eb5d87ff2e7562,2023-08-16,daily,1,,,,,0.02,USD
ACcabbc8db28677d7319eb5d87ff2e7562,2024-02-06,daily,,1,,,,0.01,USD
ACcabbc8db28677d7319eb5d87ff2e7562,2024-08-11,daily,,,1,,,0.02,USD
ACcabbc8db28677d7319eb5d87ff2e7562,2023-08-26,daily,,1,,,,0.02,USD
ACcabbc8db28677d7319eb5d87ff2e7562,2024-03-17,daily,,1,,,,0.01,USD
ACcabbc8db28677d7319eb5d87ff2e7562,2024-03-22,daily,1,,,,,0.01,USD
ACcabbc8db28677d7319eb5d87ff2e7562,2025-06-03,daily,1,,1,,,0.04,USD
ACcabbc8db28677d7319eb5d87ff2e7562,2023-12-13,daily,3,,,1,1,0.05,USD
ACcabbc8db28677d7319eb5d87ff2e7562,2026-02-02,daily,,2,,,,0.04,USD
ACcabbc8db28677d7319eb5d87ff2e7562,2024-11-06,daily,,1,,,,0.01,USD
ACcabbc8db28677d7319eb5d87ff2e7562,2025-10-28,daily,1,1,,,,0.03,USD
ACcabbc8db28677d7319eb5d87ff2e7562,2025-05-08,daily,,,1,,,0.02,USD
ACcabbc8db28677d7319eb5d87ff2e7562,2025-08-22,daily,,1,,,,0.01,USD
ACcabbc8db28677d7319eb5d87ff2e7562,2023-08-11,daily,,1,,,,0.02,USD
ACcabbc8db28677d7319eb5d87ff2e7562,2023-10-26,daily,,2,,,,0.03,USD
ACcabbc8db28677d7319eb5d87ff2e7562,2024-04-11,daily,1,,,,,0.02,USD
ACcabbc8db28677d7319eb5d87ff2e7562,2023-12-10,daily,,1,,,,0.01,USD
ACcabbc8db28677d7319eb5d87ff2e7562,2024-07-19,daily,,,1,,,0.01,USD
ACcabbc8db28677d7319eb5d87ff2e7562,2025-08-09,daily,,1,,,,0.02,USD
ACcabbc8db28677d7319eb5d87ff2e7562,2023-09-23,daily,,1,1,,,0.03,USD
ACcabbc8db28677d7319eb5d87ff2e7562,2025-12-16,daily,,1,,,,0.01,USD
ACcabbc8db28677d7319eb5d87ff2e7562,2025-08-04,daily,,1,1,,,0.03,USD
ACcabbc8db28677d7319eb5d87ff2e7562,2024-05-02,daily,,1,,,,0.02,USD
ACcabbc8db28677d7319eb5d87ff2e7562,2026-04-09,daily,,1,,,,0.01,USD
ACcabbc8db28677d7319eb5d87ff2e7562,2023-06-24,daily,,,1,,,0.02,USD
ACcabbc8db28677d7319eb5d87ff2e7562,2025-01-13,daily,,,1,,,0.02,USD
ACcabbc8db28677d7319eb5d87ff2e7562,2025-03-23,daily,,1,,,,0.01,USD
ACcabbc8db28677d7319eb5d87ff2e7562,2024-01-18,daily,,1,,,,0.01,USD
ACcabbc8db28677d7319eb5d87ff2e7562,2026-01-29,daily,1,1,,,,0.01,USD
ACcabbc8db28677d7319eb5d87ff2e7562,2024-06-17,daily,1,1,,,,0.04,USD
ACcabbc8db28677d7319eb5d87ff2e7562,2025-08-23,daily,,2,,,,0.04,USD
ACcabbc8db28677d7319eb5d87ff2e7562,2023-11-06,daily,,1,,,,0.01,USD
ACcabbc8db28677d7319eb5d87ff2e7562,2025-09-22,daily,,1,,,,0.02,USD
ACcabbc8db28677d7319eb5d87ff2e7562,2023-07-31,daily,,,1,,,0.02,USD
ACcabbc8db28677d7319eb5d87ff2e7562,2025-08-10,daily,1,,,,,0.01,USD
ACcabbc8db28677d7319eb5d87ff2e7562,2024-03-07,daily,,1,,,,0.01,USD
ACcabbc8db28677d7319eb5d87ff2e7562,2024-03-05,daily,,2,,,,0.03,USD
ACcabbc8db28677d7319eb5d87ff2e7562,2023-04-16,daily,,1,,,,0.01,USD
ACcabbc8db28677d7319eb5d87ff2e7562,2026-02-15,daily,2,,,,1,0.02,USD
ACcabbc8db28677d7319eb5d87ff2e7562,2025-02-09,daily,,2,,,,0.02,USD
ACcabbc8db28677d7319eb5d87ff2e7562,2023-06-04,daily,,3,,,,0.04,USD
ACcabbc8db28677d7319eb5d87ff2e7562,2025-05-27,daily,1,,1,,,0.02,USD
ACcabbc8db28677d7319eb5d87ff2e7562,2023-10-15,daily,,1,,,,0.01,USD
ACcabbc8db28677d7319eb5d87ff2e7562,2025-04-05,daily,,1,,,,0.02,USD
ACcabbc8db28677d7319eb5d87ff2e7562,2025-02-12,daily,1,4,1,,,0.11,USD
ACcabbc8db28677d7319eb5d87ff2e7562,2023-10-22,daily,,2,,,,0.04,USD
ACcabbc8db28677d7319eb5d87ff2e7562,2024-02-11,daily,,1,,,,0.01,USD
ACcabbc8db28677d7319eb5d87ff2e7562,2025-06-17,daily,2,,,,1,0.02,USD
ACcabbc8db28677d7319eb5d87ff2e7562,2024-10-18,daily,,1,,,,0.02,USD
ACcabbc8db28677d7319eb5d87ff2e7562,2023-08-01,daily,1,1,,,,0.04,USD
ACcabbc8db28677d7319eb5d87ff2e7562,2023-11-26,daily,1,,,,,0.01,USD
ACcabbc8db28677d7319eb5d87ff2e7562,2025-02-05,daily,1,,,,,0.01,USD
ACcabbc8db28677d7319eb5d87ff2e7562,2026-02-20,daily,1,,,,,0.01,USD
ACcabbc8db28677d7319eb5d87ff2e7562,2023-07-27,daily,,,1,,,0.02,USD
ACcabbc8db28677d7319eb5d87ff2e7562,2023-12-05,daily,,1,,,,0.01,USD
ACcabbc8db28677d7319eb5d87ff2e7562,2026-01-15,daily,,1,,,,0.01,USD
ACcabbc8db28677d7319eb5d87ff2e7562,2024-07-21,daily,1,,,,,0.01,USD
ACcabbc8db28677d7319eb5d87ff2e7562,2024-10-19,daily,,,1,,,0.02,USD
ACcabbc8db28677d7319eb5d87ff2e7562,2025-12-20,daily,,,2,,,0.04,USD
ACcabbc8db28677d7319eb5d87ff2e7562,2026-04-03,daily,,,1,,,0.01,USD
ACcabbc8db28677d7319eb5d87ff2e7562,2025-04-23,daily,1,,,,,0.01,USD
ACcabbc8db28677d7319eb5d87ff2e7562,2024-08-03,daily,,,1,,,0.01,USD
ACcabbc8db28677d7319eb5d87ff2e7562,2025-02-06,daily,,1,,,,0.01,USD
ACcabbc8db28677d7319eb5d87ff2e7562,2026-03-27,daily,,,1,,,0.01,USD
ACcabbc8db28677d7319eb5d87ff2e7562,2024-08-28,daily,1,,,,,0.01,USD
ACcabbc8db28677d7319eb5d87ff2e7562,2024-04-14,daily,,1,,,,0.02,USD
ACcabbc8db28677d7319eb5d87ff2e7562,2026-02-13,daily,1,,,,,0.01,USD
ACcabbc8db28677d7319eb5d87ff2e7562,2023-04-27,daily,1,,1,,,0.04,USD
ACcabbc8db28677d7319eb5d87ff2e7562,2025-11-13,daily,2,,,,1,0.03,USD
ACcabbc8db28677d7319eb5d87ff2e7562,2023-05-15,daily,,1,,,,0.02,USD
ACcabbc8db28677d7319eb5d87ff2e7562,2023-07-09,daily,1,2,,,,0.04,USD
ACcabbc8db28677d7319eb5d87ff2e7562,2024-03-19,daily,,1,,,,0.01,USD
ACcabbc8db28677d7319eb5d87ff2e7562,2023-06-07,daily,,1,,,,0.01,USD
ACcabbc8db28677d7319eb5d87ff2e7562,2023-10-25,daily,,,1,,,0.02,USD
ACcabbc8db28677d7319eb5d87ff2e7562,2024-10-06,daily,,1,,,,0.01,USD
ACcabbc8db28677d7319eb5d87ff2e7562,2025-10-07,daily,,1,1,,,0.03,USD
ACcabbc8db28677d7319eb5d87ff2e7562,2024-02-26,daily,1,,,,,0.01,USD
ACcabbc8db28677d7319eb5d87ff2e7562,2025-06-20,daily,,1,,,,0.02,USD
ACcabbc8db28677d7319eb5d87ff2e7562,2023-09-10,daily,,2,1,,,0.04,USD
ACcabbc8db28677d7319eb5d87ff2e7562,2025-05-03,daily,,,1,,,0.01,USD
ACcabbc8db28677d7319eb5d87ff2e7562,2025-03-03,daily,,1,,,,0.02,USD
ACcabbc8db28677d7319eb5d87ff2e7562,2026-02-14,daily,1,,,,,0.02,USD
ACcabbc8db28677d7319eb5d87ff2e7562,2025-07-19,daily,,1,,,,0.02,USD
ACcabbc8db28677d7319eb5d87ff2e7562,2025-01-16,daily,1,,,,,0.02,USD
ACcabbc8db28677d7319eb5d87ff2e7562,2025-10-31,daily,,1,,,,0.01,USD
ACcabbc8db28677d7319eb5d87ff2e7562,2024-04-16,daily,,2,,,,0.04,USD
ACcabbc8db28677d7319eb5d87ff2e7562,2023-11-02,daily,,1,,,,0.01,USD
ACcabbc8db28677d7319eb5d87ff2e7562,2025-11-22,daily,2,1,,,1,0.04,USD
ACcabbc8db28677d7319eb5d87ff2e7562,2023-04-25,daily,,,1,,,0.01,USD
ACcabbc8db28677d7319eb5d87ff2e7562,2023-04-20,daily,,2,1,,,0.04,USD
ACcabbc8db28677d7319eb5d87ff2e7562,2024-06-03,daily,2,,,,1,0.02,USD
ACcabbc8db28677d7319eb5d87ff2e7562,2023-05-06,daily,1,2,1,,,0.07,USD
ACcabbc8db28677d7319eb5d87ff2e7562,2025-12-28,daily,1,1,,,,0.03,USD
ACcabbc8db28677d7319eb5d87ff2e7562,2024-07-14,daily,,2,,,,0.04,USD
ACcabbc8db28677d7319eb5d87ff2e7562,2023-10-21,daily,,1,,,,0.01,USD
ACcabbc8db28677d7319eb5d87ff2e7562,2024-10-29,daily,,1,,,,0.01,USD
ACcabbc8db28677d7319eb5d87ff2e7562,2023-12-01,daily,,2,,,,0.03,USD
ACcabbc8db28677d7319eb5d87ff2e7562,2023-10-17,daily,,1,1,,,0.03,USD
ACcabbc8db28677d7319eb5d87ff2e7562,2025-04-28,daily,1,,,,,0.01,USD
ACcabbc8db28677d7319eb5d87ff2e7562,2023-04-30,daily,,1,,,,0.01,USD
ACcabbc8db28677d7319eb5d87ff2e7562,2025-07-21,daily,,1,,,,0.01,USD
ACcabbc8db28677d7319eb5d87ff2e7562,2024-12-04,daily,,1,,,,0.01,USD
ACcabbc8db28677d7319eb5d87ff2e7562,2023-11-11,daily,,1,1,,,0.04,USD
ACcabbc8db28677d7319eb5d87ff2e7562,2026-03-31,daily,1,1,,,,0.03,USD
ACcabbc8db28677d7319eb5d87ff2e7562,2024-07-31,daily,,1,,,,0.01,USD
ACcabbc8db28677d7319eb5d87ff2e7562,2025-02-28,daily,,1,,,,0.01,USD
ACcabbc8db28677d7319eb5d87ff2e7562,2025-07-29,daily,,1,,,,0.02,USD
ACcabbc8db28677d7319eb5d87ff2e7562,2023-09-21,daily,1,,,,,0.01,USD
ACcabbc8db28677d7319eb5d87ff2e7562,2023-12-21,daily,1,,,,,0.02,USD
ACcabbc8db28677d7319eb5d87ff2e7562,2024-10-11,daily,,1,,,,0.01,USD
ACcabbc8db28677d7319eb5d87ff2e7562,2024-08-05,daily,,,1,,,0.01,USD
ACcabbc8db28677d7319eb5d87ff2e7562,2025-04-27,daily,,1,,,,0.01,USD
ACcabbc8db28677d7319eb5d87ff2e7562,2026-03-26,daily,,1,,,,0.01,USD
ACcabbc8db28677d7319eb5d87ff2e7562,2023-08-07,daily,1,,,,,0.01,USD
ACcabbc8db28677d7319eb5d87ff2e7562,2024-06-20,daily,,1,1,,,0.02,USD
ACcabbc8db28677d7319eb5d87ff2e7562,2023-06-02,daily,,1,,,,0.01,USD
ACcabbc8db28677d7319eb5d87ff2e7562,2023-12-14,daily,,2,,,,0.03,USD
ACcabbc8db28677d7319eb5d87ff2e7562,2024-08-25,daily,,4,,,,0.07,USD
ACcabbc8db28677d7319eb5d87ff2e7562,2025-05-07,daily,1,,,,,0.01,USD
ACcabbc8db28677d7319eb5d87ff2e7562,2025-04-30,daily,,,1,,,0.01,USD
ACcabbc8db28677d7319eb5d87ff2e7562,2026-03-12,daily,1,1,,,,0.04,USD
ACcabbc8db28677d7319eb5d87ff2e7562,2023-07-22,daily,1,,,,,0.02,USD
ACcabbc8db28677d7319eb5d87ff2e7562,2025-04-04,daily,1,,,,,0.01,USD
ACcabbc8db28677d7319eb5d87ff2e7562,2024-09-06,daily,,1,,,,0.01,USD
ACcabbc8db28677d7319eb5d87ff2e7562,2023-07-02,daily,1,,,,,0.01,USD
ACcabbc8db28677d7319eb5d87ff2e7562,2024-11-10,daily,1,1,,,,0.02,USD
ACcabbc8db28677d7319eb5d87ff2e7562,2023-08-08,daily,,1,,,,0.01,USD
ACcabbc8db28677d7319eb5d87ff2e7562,2026-01-26,daily,,1,,,,0.01,USD
ACcabbc8db28677d7319eb5d87ff2e7562,2025-01-20,daily,,1,,,,0.02,USD
ACcabbc8db28677d7319eb5d87ff2e7562,2026-02-26,daily,,1,,,,0.01,USD
ACcabbc8db28677d7319eb5d87ff2e7562,2023-05-04,daily,,1,,,,0.02,USD
ACcabbc8db28677d7319eb5d87ff2e7562,2026-01-21,daily,,1,,,,0.02,USD
ACcabbc8db28677d7319eb5d87ff2e7562,2025-06-27,daily,1,,,,,0.01,USD
ACcabbc8db28677d7319eb5d87ff2e7562,2024-03-20,daily,,1,,,,0.02,USD
ACcabbc8db28677d7319eb5d87ff2e7562,2026-01-12,daily,,,1,,,0.01,USD
ACcabbc8db28677d7319eb5d87ff2e7562,2025-08-20,daily,,2,,,,0.01,USD
ACcabbc8db28677d7319eb5d87ff2e7562,2025-02-02,daily,,1,,,,0.02,USD
ACcabbc8db28677d7319eb5d87ff2e7562,2026-03-19,daily,1,,,,,0.01,USD
ACcabbc8db28677d7319eb5d87ff2e7562,2023-09-26,daily,1,,,,,0.02,USD
ACcabbc8db28677d7319eb5d87ff2e7562,2023-09-22,daily,2,,,,1,0.03,USD
ACcabbc8db28677d7319eb5d87ff2e7562,2023-09-04,daily,,1,,,,0.01,USD
ACcabbc8db28677d7319eb5d87ff2e7562,2026-03-14,daily,,,1,,,0.01,USD
ACcabbc8db28677d7319eb5d87ff2e7562,2024-01-07,daily,,,1,,,0.01,USD
ACcabbc8db28677d7319eb5d87ff2e7562,2023-11-12,daily,2,,,,1,0.04,USD
ACcabbc8db28677d7319eb5d87ff2e7562,2023-04-21,daily,,,1,,,0.01,USD
ACcabbc8db28677d7319eb5d87ff2e7562,2023-09-30,daily,1,,,,,0.01,USD
ACcabbc8db28677d7319eb5d87ff2e7562,2024-06-14,daily,,1,,,,0.01,USD
ACcabbc8db28677d7319eb5d87ff2e7562,2025-06-11,daily,1,,,,,0.01,USD
ACcabbc8db28677d7319eb5d87ff2e7562,2025-01-25,daily,1,,1,,,0.01,USD
ACcabbc8db28677d7319eb5d87ff2e7562,2025-10-05,daily,,1,,,,0.01,USD
ACcabbc8db28677d7319eb5d87ff2e7562,2025-06-25,daily,1,2,,,,0.04,USD
ACcabbc8db28677d7319eb5d87ff2e7562,2026-03-23,daily,,,2,,,0.03,USD
ACcabbc8db28677d7319eb5d87ff2e7562,2025-08-29,daily,,2,,,,0.03,USD
ACcabbc8db28677d7319eb5d87ff2e7562,2025-02-10,daily,,1,,,,0.01,USD
ACcabbc8db28677d7319eb5d87ff2e7562,2023-05-21,daily,,,2,,,0.04,USD
ACcabbc8db28677d7319eb5d87ff2e7562,2024-10-23,daily,,1,,,,0.01,USD
ACcabbc8db28677d7319eb5d87ff2e7562,2023-07-12,daily,1,2,,,,0.05,USD
ACcabbc8db28677d7319eb5d87ff2e7562,2023-04-29,daily,1,1,,,,0.02,USD
ACcabbc8db28677d7319eb5d87ff2e7562,2026-02-17,daily,,1,,,,0.01,USD
ACcabbc8db28677d7319eb5d87ff2e7562,2024-09-07,daily,,,1,,,0.02,USD
ACcabbc8db28677d7319eb5d87ff2e7562,2023-09-16,daily,,1,1,,,0.02,USD
ACcabbc8db28677d7319eb5d87ff2e7562,2024-01-04,daily,,2,,,,0.02,USD
ACcabbc8db28677d7319eb5d87ff2e7562,2024-01-11,daily,1,,1,,,0.01,USD
ACcabbc8db28677d7319eb5d87ff2e7562,2026-03-22,daily,,1,,,,0.01,USD
ACcabbc8db28677d7319eb5d87ff2e7562,2023-10-14,daily,,1,,,,0.01,USD
ACcabbc8db28677d7319eb5d87ff2e7562,2026-04-10,daily,,,1,,,0.02,USD
ACcabbc8db28677d7319eb5d87ff2e7562,2025-05-22,daily,1,,,,,0.01,USD
ACcabbc8db28677d7319eb5d87ff2e7562,2024-03-08,daily,,,1,,,0.01,USD
ACcabbc8db28677d7319eb5d87ff2e7562,2025-01-10,daily,,1,,,,0.01,USD
ACcabbc8db28677d7319eb5d87ff2e7562,2024-06-15,daily,1,,,,,0.01,USD
ACcabbc8db28677d7319eb5d87ff2e7562,2025-03-16,daily,,1,,,,0.02,USD
ACcabbc8db28677d7319eb5d87ff2e7562,2025-09-24,daily,,,1,,,0.02,USD
ACcabbc8db28677d7319eb5d87ff2e7562,2025-01-19,daily,,1,,,,0.01,USD
ACcabbc8db28677d7319eb5d87ff2e7562,2024-09-11,daily,1,,,,,0.02,USD
ACcabbc8db28677d7319eb5d87ff2e7562,2024-05-23,daily,1,1,,,,0.04,USD
ACcabbc8db28677d7319eb5d87ff2e7562,2023-07-28,daily,1,,,,,0.01,USD
ACcabbc8db28677d7319eb5d87ff2e7562,2025-06-30,daily,,1,,,,0.01,USD
ACcabbc8db28677d7319eb5d87ff2e7562,2024-04-04,daily,,1,,,,0.01,USD
ACcabbc8db28677d7319eb5d87ff2e7562,2024-11-20,daily,,1,,,,0.01,USD
ACcabbc8db28677d7319eb5d87ff2e7562,2024-12-17,daily,1,,,,,0.02,USD
ACcabbc8db28677d7319eb5d87ff2e7562,2025-11-30,daily,1,,,,,0.01,USD
ACcabbc8db28677d7319eb5d87ff2e7562,2026-01-03,daily,1,,,,,0.01,USD
ACcabbc8db28677d7319eb5d87ff2e7562,2024-01-09,daily,,,1,,,0.01,USD
ACcabbc8db28677d7319eb5d87ff2e7562,2023-09-09,daily,,,1,,,0.01,USD
ACcabbc8db28677d7319eb5d87ff2e7562,2025-03-27,daily,1,,,,,0.02,USD
ACcabbc8db28677d7319eb5d87ff2e7562,2024-04-20,daily,1,1,1,,,0.04,USD
ACcabbc8db28677d7319eb5d87ff2e7562,2024-02-14,daily,1,,,,,0.01,USD
ACcabbc8db28677d7319eb5d87ff2e7562,2026-02-12,daily,1,2,,,,0.05,USD
ACcabbc8db28677d7319eb5d87ff2e7562,2024-12-21,daily,1,,,,,0.02,USD
ACcabbc8db28677d7319eb5d87ff2e7562,2023-10-12,daily,1,,1,,,0.02,USD
ACcabbc8db28677d7319eb5d87ff2e7562,2026-04-14,daily,1,,,,,0.01,USD
ACcabbc8db28677d7319eb5d87ff2e7562,2025-08-02,daily,1,,1,,,0.03,USD
ACcabbc8db28677d7319eb5d87ff2e7562,2024-06-30,daily,1,,1,,,0.04,USD
ACcabbc8db28677d7319eb5d87ff2e7562,2025-04-01,daily,,1,,,,0.01,USD
ACcabbc8db28677d7319eb5d87ff2e7562,2023-08-10,daily,1,,,,,0.01,USD
ACcabbc8db28677d7319eb5d87ff2e7562,2026-03-21,daily,,,1,,,0.01,USD
ACcabbc8db28677d7319eb5d87ff2e7562,2023-12-08,daily,,1,,,,0.01,USD
ACcabbc8db28677d7319eb5d87ff2e7562,2024-05-31,daily,1,,,,,0.01,USD
ACcabbc8db28677d7319eb5d87ff2e7562,2023-09-06,daily,1,,,,,0.01,USD
ACcabbc8db28677d7319eb5d87ff2e7562,2025-06-22,daily,1,,,,,0.01,USD
ACcabbc8db28677d7319eb5d87ff2e7562,2024-01-14,daily,,1,,,,0.02,USD
ACcabbc8db28677d7319eb5d87ff2e7562,2024-08-27,daily,,1,,,,0.01,USD
ACcabbc8db28677d7319eb5d87ff2e7562,2025-01-08,daily,,1,,,,0.01,USD
ACcabbc8db28677d7319eb5d87ff2e7562,2025-06-05,daily,,1,,,,0.01,USD
ACcabbc8db28677d7319eb5d87ff2e7562,2023-12-23,daily,,,1,,,0.01,USD
ACcabbc8db28677d7319eb5d87ff2e7562,2023-11-07,daily,,1,,,,0.02,USD
ACcabbc8db28677d7319eb5d87ff2e7562,2026-02-24,daily,,1,,,,0.01,USD
ACcabbc8db28677d7319eb5d87ff2e7562,2025-04-20,daily,,1,,,,0.01,USD
ACcabbc8db28677d7319eb5d87ff2e7562,2023-10-20,daily,,,1,,,0.01,USD
ACcabbc8db28677d7319eb5d87ff2e7562,2024-01-26,daily,1,,,,,0.01,USD
ACcabbc8db28677d7319eb5d87ff2e7562,2025-01-24,daily,,,1,,,0.01,USD
ACcabbc8db28677d7319eb5d87ff2e7562,2023-05-05,daily,,1,,,,0.01,USD
ACcabbc8db28677d7319eb5d87ff2e7562,2025-03-07,daily,,2,,,,0.04,USD
ACcabbc8db28677d7319eb5d87ff2e7562,2024-04-08,daily,,1,1,,,0.02,USD
ACcabbc8db28677d7319eb5d87ff2e7562,2025-10-18,daily,,1,,,,0.01,USD
ACcabbc8db28677d7319eb5d87ff2e7562,2023-11-29,daily,,,1,,,0.01,USD
ACcabbc8db28677d7319eb5d87ff2e7562,2024-02-16,daily,1,,,,,0.01,USD
ACcabbc8db28677d7319eb5d87ff2e7562,2025-10-30,daily,,1,,,,0.01,USD
ACcabbc8db28677d7319eb5d87ff2e7562,2024-07-02,daily,,,1,,,0.02,USD
ACcabbc8db28677d7319eb5d87ff2e7562,2024-12-23,daily,1,,,,,0.02,USD
ACcabbc8db28677d7319eb5d87ff2e7562,2024-05-07,daily,,1,,,,0.01,USD
ACcabbc8db28677d7319eb5d87ff2e7562,2024-05-11,daily,,1,,,,0.01,USD
ACcabbc8db28677d7319eb5d87ff2e7562,2024-05-27,daily,,1,,,,0.02,USD
ACcabbc8db28677d7319eb5d87ff2e7562,2025-08-24,daily,,,1,,,0.02,USD
ACcabbc8db28677d7319eb5d87ff2e7562,2024-09-24,daily,,1,,,,0.02,USD
ACcabbc8db28677d7319eb5d87ff2e7562,2025-08-30,daily,1,,,,,0.01,USD
ACcabbc8db28677d7319eb5d87ff2e7562,2024-09-10,daily,,,1,,,0.01,USD
ACcabbc8db28677d7319eb5d87ff2e7562,2024-06-23,daily,,,1,,,0.02,USD
ACcabbc8db28677d7319eb5d87ff2e7562,2023-12-29,daily,,1,,,,0.02,USD
ACcabbc8db28677d7319eb5d87ff2e7562,2024-11-29,daily,1,,,,,0.01,USD
ACcabbc8db28677d7319eb5d87ff2e7562,2025-01-17,daily,,,1,,,0.02,USD
ACcabbc8db28677d7319eb5d87ff2e7562,2024-01-13,daily,,,1,,,0.01,USD
ACcabbc8db28677d7319eb5d87ff2e7562,2024-07-20,daily,,1,,,,0.01,USD
ACcabbc8db28677d7319eb5d87ff2e7562,2024-10-04,daily,,1,,,,0.01,USD
ACcabbc8db28677d7319eb5d87ff2e7562,2025-12-02,daily,,1,,,,0.02,USD
ACcabbc8db28677d7319eb5d87ff2e7562,2023-11-16,daily,,1,,,,0.01,USD
ACcabbc8db28677d7319eb5d87ff2e7562,2023-05-17,daily,,,1,,,0.01,USD
ACcabbc8db28677d7319eb5d87ff2e7562,2025-08-07,daily,,,1,,,0.02,USD
ACcabbc8db28677d7319eb5d87ff2e7562,2023-12-18,daily,1,,,,,0.01,USD
ACcabbc8db28677d7319eb5d87ff2e7562,2023-06-10,daily,1,,,,,0.02,USD
ACcabbc8db28677d7319eb5d87ff2e7562,2024-12-06,daily,,1,,,,0.01,USD
ACcabbc8db28677d7319eb5d87ff2e7562,2025-06-18,daily,1,,,,,0.01,USD
ACcabbc8db28677d7319eb5d87ff2e7562,2025-05-24,daily,,1,,,,0.02,USD
ACcabbc8db28677d7319eb5d87ff2e7562,2024-04-24,daily,,1,,,,0.02,USD
ACcabbc8db28677d7319eb5d87ff2e7562,2026-02-18,daily,,1,,,,0.01,USD
ACcabbc8db28677d7319eb5d87ff2e7562,2024-04-02,daily,,1,,,,0.01,USD
ACcabbc8db28677d7319eb5d87ff2e7562,2023-05-08,daily,,1,,,,0.02,USD
ACcabbc8db28677d7319eb5d87ff2e7562,2024-04-03,daily,,1,,,,0.01,USD
